Workbook

Sheet 작성가이드
A1: 바른발성연구소 · 훈련 스킬 트리 입력 시트
A3: ■ 어디에 적나요
A4: [스킬트리] 시트에만 적으시면 됩니다. 노란색 칸 = 직접 입력 / 회색 칸 = 자동 (건드리지 마세요)
A5: [계열정의] 계열 이름·색·해금 조건·소개 문구.
A6: [참조_훈련목록] 훈련명 모음. 스킬명 드롭다운이 여기서 나옵니다. 새 훈련은 여기에 먼저 추가.
A7: [참조_스케일목록] 앱에 들어있는 스케일 목록. 보기 전용.
A9: ■ 구조
A10: 계열 = 판 하나 (저음 / 중음 / 고음 / 성대결절 케어).
A11: 층 = 해금 단계. 위에서 아래로 내려갑니다.
A12: 자리 = 그 층에서 가로 위치. 1 ~ 5 사이, 0.5 단위 (1, 1.5, 2, 2.5 … 5).
A13: 윗층 두 갈래가 아래에서 하나로 모일 때 가운데(1.5 등)에 두면 선이 예쁘게 모입니다.
A14: 같은 계열·같은 층·같은 자리는 하나만 존재할 수 있습니다.
... A71: 비워두면 호흡 진도와 상관없이 처음부터 열립니다.

Sheet 스킬트리
A1: 훈련 스킬 트리 입력표 노란칸=직접 입력 / 회색칸=자동 (수정하지 마세요) | T1: 스케일ID | U1: 스케일명 | V1: 음역 | X1: 넘버 | Y1: 훈련명
A2: 계열 | B2: 층 | C2: 자리 | D2: 스킬ID | E2: 스킬명 | F2: 스케일ID (공용/여) | G2: 스케일ID (남) | H2: 스케일명(자동) | I2: 반복 | J2: 완료최소횟수 | K2: 선행스킬1 | L2: 선행스킬2 | M2: 선행스킬3 | N2: 타계열선행 | O2: 호흡해금일차 | P2: 상태 | Q2: 메모 | R2: 검사 | T2: 3D-A | U2: 3도 스케일 | V2: 흉성(여자) | X2: 1 | Y2: 가슴 소리 만들기
A3: 저음 | B3: 1 | C3: 3 | D3: L1-3 | E3: 소울음소리 | H3: =IF($F3="","",IF($G3="",IFERROR(INDEX(참조_스케일목록!$B:$B,MATCH($F3,참조_스케일목록!$A:$A,0))&" ("&INDEX(참조_스케일목록!$C:$C,MATCH($F3,참조_스케일목록!$A:$A,0))&")","※없는 ID"),"여 "&IFERROR(INDEX(참조_스케일목록!$B:$B,MATCH($F3,참조_스케일목록!$A:$A,0))&" ("&INDEX(참조_스케일목록!$C:$C,MATCH($F3,참조_스케일목록!$A:$A,0))&")","※없는 ID")&" / 남 "&IFERROR(INDEX(참조_스케일목록!$B:$B,MATCH($G3,참조_스케일목록!$A:$A,0))&" ("&INDEX(참조_스케일목록!$C:$C,MATCH($G3,참조_스케일목록!$A:$A,0))&")","※없는 ID"))) | I3: 10 | J3: 7 | O3: 13 | P3: 공개 | R3: =IF($A3="","",IF(AND($C3<>"",OR($C3<1,$C3>5,MOD($C3*2,1)<>0)),"자리는 1~5 (0.5단위)",IF(COUNTIFS($A$3:$A$170,$A3,$B$3:$B$170,$B3,$C$3:$C$170,$C3)>1,"같은 자리 중복",IF($D3="","스킬ID 비었음",IF(COUNTIF($D$3:$D$170,$D3)>1,"스킬ID 중복",IF(AND($G3<>"",$F3=""),"여 스케일도 필요",IF(AND($K3<>"",ISNA(MATCH($K3,$D$3:$D$170,0))),"선행스킬1 없음",IF(AND($L3<>"",ISNA(MATCH($L3,$D$3:$D$170,0))),"선행스킬2 없음",IF(AND($N3<>"",ISNA(MATCH($N3,$D$3:$D$170,0))),"타계열선행 없음","OK"))))))))) -> OK | T3: 3D-B | U3: 3도 스케일 | V3: 흉성(남) | X3: 2 | Y3: 발성훈련 셋팅
A4: 저음 | B4: 2 | C4: 1 | D4: L2-1 | E4: 우~우~우~ | H4: =IF($F4="","",IF($G4="",IFERROR(INDEX(참조_스케일목록!$B:$B,MATCH($F4,참조_스케일목록!$A:$A,0))&" ("&INDEX(참조_스케일목록!$C:$C,MATCH($F4,참조_스케일목록!$A:$A,0))&")","※없는 ID"),"여 "&IFERROR(INDEX(참조_스케일목록!$B:$B,MATCH($F4,참조_스케일목록!$A:$A,0))&" ("&INDEX(참조_스케일목록!$C:$C,MATCH($F4,참조_스케일목록!$A:$A,0))&")","※없는 ID")&" / 남 "&IFERROR(INDEX(참조_스케일목록!$B:$B,MATCH($G4,참조_스케일목록!$A:$A,0))&" ("&INDEX(참조_스케일목록!$C:$C,MATCH($G4,참조_스케일목록!$A:$A,0))&")","※없는 ID"))) | I4: 10 | J4: 7 | K4: L1-3 | P4: 공개 | R4: =IF($A4="","",IF(AND($C4<>"",OR($C4<1,$C4>5,MOD($C4*2,1)<>0)),"자리는 1~5 (0.5단위)",IF(COUNTIFS($A$3:$A$170,$A4,$B$3:$B$170,$B4,$C$3:$C$170,$C4)>1,"같은 자리 중복",IF($D4="","스킬ID 비었음",IF(COUNTIF($D$3:$D$170,$D4)>1,"스킬ID 중복",IF(AND($G4<>"",$F4=""),"여 스케일도 필요",IF(AND($K4<>"",ISNA(MATCH($K4,$D$3:$D$170,0))),"선행스킬1 없음",IF(AND($L4<>"",ISNA(MATCH($L4,$D$3:$D$170,0))),"선행스킬2 없음",IF(AND($N4<>"",ISNA(MATCH($N4,$D$3:$D$170,0))),"타계열선행 없음","OK"))))))))) -> OK | T4: 3D-C | U4: 3도 스케일 | V4: 흉성~낮은중성 | X4: 3 | Y4: 흉복식호흡
A5: 저음 | B5: 2 | C5: 2 | D5: L2-2 | P5: 공개 | R5: =IF($A5="","",IF(AND($C5<>"",OR($C5<1,$C5>5,MOD($C5*2,1)<>0)),"자리는 1~5 (0.5단위)",IF(COUNTIFS($A$3:$A$170,$A5,$B$3:$B$170,$B5,$C$3:$C$170,$C5)>1,"같은 자리 중복",IF($D5="","스킬ID 비었음",IF(COUNTIF($D$3:$D$170,$D5)>1,"스킬ID 중복",IF(AND($G5<>"",$F5=""),"여 스케일도 필요",IF(AND($K5<>"",ISNA(MATCH($K5,$D$3:$D$170,0))),"선행스킬1 없음",IF(AND($L5<>"",ISNA(MATCH($L5,$D$3:$D$170,0))),"선행스킬2 없음",IF(AND($N5<>"",ISNA(MATCH($N5,$D$3:$D$170,0))),"타계열선행 없음","OK"))))))))) -> OK | T5: 3D-D | U5: 3도 스케일 | V5: 흉성~높은중성 | X5: 4 | Y5: 주먹쥐고 호흡
A6: 저음 | B6: 2 | C6: 3 | D6: L2-3 | E6: 립트릴 | F6: 5D-A | G6: 5D-J | H6: =IF($F6="","",IF($G6="",IFERROR(INDEX(참조_스케일목록!$B:$B,MATCH($F6,참조_스케일목록!$A:$A,0))&" ("&INDEX(참조_스케일목록!$C:$C,MATCH($F6,참조_스케일목록!$A:$A,0))&")","※없는 ID"),"여 "&IFERROR(INDEX(참조_스케일목록!$B:$B,MATCH($F6,참조_스케일목록!$A:$A,0))&" ("&INDEX(참조_스케일목록!$C:$C,MATCH($F6,참조_스케일목록!$A:$A,0))&")","※없는 ID")&" / 남 "&IFERROR(INDEX(참조_스케일목록!$B:$B,MATCH($G6,참조_스케일목록!$A:$A,0))&" ("&INDEX(참조_스케일목록!$C:$C,MATCH($G6,참조_스케일목록!$A:$A,0))&")","※없는 ID"))) -> 여 5도 스케일 (흉성(여자)) / 남 5도 스케일 (흉성(남자)) | I6: 1 | J6: 7 | K6: L1-3 | P6: 공개 | R6: =IF($A6="","",IF(AND($C6<>"",OR($C6<1,$C6>5,MOD($C6*2,1)<>0)),"자리는 1~5 (0.5단위)",IF(COUNTIFS($A$3:$A$170,$A6,$B$3:$B$170,$B6,$C$3:$C$170,$C6)>1,"같은 자리 중복",IF($D6="","스킬ID 비었음",IF(COUNTIF($D$3:$D$170,$D6)>1,"스킬ID 중복",IF(AND($G6<>"",$F6=""),"여 스케일도 필요",IF(AND($K6<>"",ISNA(MATCH($K6,$D$3:$D$170,0))),"선행스킬1 없음",IF(AND($L6<>"",ISNA(MATCH($L6,$D$3:$D$170,0))),"선행스킬2 없음",IF(AND($N6<>"",ISNA(MATCH($N6,$D$3:$D$170,0))),"타계열선행 없음","OK"))))))))) -> OK | T6: 3D-E | U6: 3도 스케일 | V6: 낮은중성 | X6: 5 | Y6: 호흡 저항 도구 훈련
A7: 저음 | B7: 2 | C7: 4 | D7: L2-4 | H7: =IF($F7="","",IF($G7="",IFERROR(INDEX(참조_스케일목록!$B:$B,MATCH($F7,참조_스케일목록!$A:$A,0))&" ("&INDEX(참조_스케일목록!$C:$C,MATCH($F7,참조_스케일목록!$A:$A,0))&")","※없는 ID"),"여 "&IFERROR(INDEX(참조_스케일목록!$B:$B,MATCH($F7,참조_스케일목록!$A:$A,0))&" ("&INDEX(참조_스케일목록!$C:$C,MATCH($F7,참조_스케일목록!$A:$A,0))&")","※없는 ID")&" / 남 "&IFERROR(INDEX(참조_스케일목록!$B:$B,MATCH($G7,참조_스케일목록!$A:$A,0))&" ("&INDEX(참조_스케일목록!$C:$C,MATCH($G7,참조_스케일목록!$A:$A,0))&")","※없는 ID"))) | P7: 공개 | R7: =IF($A7="","",IF(AND($C7<>"",OR($C7<1,$C7>5,MOD($C7*2,1)<>0)),"자리는 1~5 (0.5단위)",IF(COUNTIFS($A$3:$A$170,$A7,$B$3:$B$170,$B7,$C$3:$C$170,$C7)>1,"같은 자리 중복",IF($D7="","스킬ID 비었음",IF(COUNTIF($D$3:$D$170,$D7)>1,"스킬ID 중복",IF(AND($G7<>"",$F7=""),"여 스케일도 필요",IF(AND($K7<>"",ISNA(MATCH($K7,$D$3:$D$170,0))),"선행스킬1 없음",IF(AND($L7<>"",ISNA(MATCH($L7,$D$3:$D$170,0))),"선행스킬2 없음",IF(AND($N7<>"",ISNA(MATCH($N7,$D$3:$D$170,0))),"타계열선행 없음","OK"))))))))) -> OK | T7: 3D-F | U7: 3도 스케일 | V7: 높은중성 | X7: 6 | Y7: 립트릴
A8: 저음 | B8: 2 | C8: 5 | D8: L2-5 | E8: 아~아~아~ | H8: =IF($F8="","",IF($G8="",IFERROR(INDEX(참조_스케일목록!$B:$B,MATCH($F8,참조_스케일목록!$A:$A,0))&" ("&INDEX(참조_스케일목록!$C:$C,MATCH($F8,참조_스케일목록!$A:$A,0))&")","※없는 ID"),"여 "&IFERROR(INDEX(참조_스케일목록!$B:$B,MATCH($F8,참조_스케일목록!$A:$A,0))&" ("&INDEX(참조_스케일목록!$C:$C,MATCH($F8,참조_스케일목록!$A:$A,0))&")","※없는 ID")&" / 남 "&IFERROR(INDEX(참조_스케일목록!$B:$B,MATCH($G8,참조_스케일목록!$A:$A,0))&" ("&INDEX(참조_스케일목록!$C:$C,MATCH($G8,참조_스케일목록!$A:$A,0))&")","※없는 ID"))) | I8: 10 | J8: 7 | K8: L1-3 | P8: 공개 | R8: =IF($A8="","",IF(AND($C8<>"",OR($C8<1,$C8>5,MOD($C8*2,1)<>0)),"자리는 1~5 (0.5단위)",IF(COUNTIFS($A$3:$A$170,$A8,$B$3:$B$170,$B8,$C$3:$C$170,$C8)>1,"같은 자리 중복",IF($D8="","스킬ID 비었음",IF(COUNTIF($D$3:$D$170,$D8)>1,"스킬ID 중복",IF(AND($G8<>"",$F8=""),"여 스케일도 필요",IF(AND($K8<>"",ISNA(MATCH($K8,$D$3:$D$170,0))),"선행스킬1 없음",IF(AND($L8<>"",ISNA(MATCH($L8,$D$3:$D$170,0))),"선행스킬2 없음",IF(AND($N8<>"",ISNA(MATCH($N8,$D$3:$D$170,0))),"타계열선행 없음","OK"))))))))) -> OK | T8: 3D-G | U8: 3도 스케일 | V8: 흉성~낮은두성 | X8: 7 | Y8: 립트릴 1번
A9: 저음 | B9: 3 | C9: 1 | D9: L3-1 | E9: 강한 우~우~우~ | H9: =IF($F9="","",IF($G9="",IFERROR(INDEX(참조_스케일목록!$B:$B,MATCH($F9,참조_스케일목록!$A:$A,0))&" ("&INDEX(참조_스케일목록!$C:$C,MATCH($F9,참조_스케일목록!$A:$A,0))&")","※없는 ID"),"여 "&IFERROR(INDEX(참조_스케일목록!$B:$B,MATCH($F9,참조_스케일목록!$A:$A,0))&" ("&INDEX(참조_스케일목록!$C:$C,MATCH($F9,참조_스케일목록!$A:$A,0))&")","※없는 ID")&" / 남 "&IFERROR(INDEX(참조_스케일목록!$B:$B,MATCH($G9,참조_스케일목록!$A:$A,0))&" ("&INDEX(참조_스케일목록!$C:$C,MATCH($G9,참조_스케일목록!$A:$A,0))&")","※없는 ID"))) | I9: 1 | J9: 7 | P9: 준비중 | R9: =IF($A9="","",IF(AND($C9<>"",OR($C9<1,$C9>5,MOD($C9*2,1)<>0)),"자리는 1~5 (0.5단위)",IF(COUNTIFS($A$3:$A$170,$A9,$B$3:$B$170,$B9,$C$3:$C$170,$C9)>1,"같은 자리 중복",IF($D9="","스킬ID 비었음",IF(COUNTIF($D$3:$D$170,$D9)>1,"스킬ID 중복",IF(AND($G9<>"",$F9=""),"여 스케일도 필요",IF(AND($K9<>"",ISNA(MATCH($K9,$D$3:$D$170,0))),"선행스킬1 없음",IF(AND($L9<>"",ISNA(MATCH($L9,$D$3:$D$170,0))),"선행스킬2 없음",IF(AND($N9<>"",ISNA(MATCH($N9,$D$3:$D$170,0))),"타계열선행 없음","OK"))))))))) -> OK | T9: 3D-H | U9: 3도 스케일 | V9: 흉성~높은두성 | X9: 8 | Y9: 립트릴 2번
A10: 저음 | B10: 3 | C10: 2 | D10: L3-2 | H10: =IF($F10="","",IF($G10="",IFERROR(INDEX(참조_스케일목록!$B:$B,MATCH($F10,참조_스케일목록!$A:$A,0))&" ("&INDEX(참조_스케일목록!$C:$C,MATCH($F10,참조_스케일목록!$A:$A,0))&")","※없는 ID"),"여 "&IFERROR(INDEX(참조_스케일목록!$B:$B,MATCH($F10,참조_스케일목록!$A:$A,0))&" ("&INDEX(참조_스케일목록!$C:$C,MATCH($F10,참조_스케일목록!$A:$A,0))&")","※없는 ID")&" / 남 "&IFERROR(INDEX(참조_스케일목록!$B:$B,MATCH($G10,참조_스케일목록!$A:$A,0))&" ("&INDEX(참조_스케일목록!$C:$C,MATCH($G10,참조_스케일목록!$A:$A,0))&")","※없는 ID"))) | P10: 준비중 | R10: =IF($A10="","",IF(AND($C10<>"",OR($C10<1,$C10>5,MOD($C10*2,1)<>0)),"자리는 1~5 (0.5단위)",IF(COUNTIFS($A$3:$A$170,$A10,$B$3:$B$170,$B10,$C$3:$C$170,$C10)>1,"같은 자리 중복",IF($D10="","스킬ID 비었음",IF(COUNTIF($D$3:$D$170,$D10)>1,"스킬ID 중복",IF(AND($G10<>"",$F10=""),"여 스케일도 필요",IF(AND($K10<>"",ISNA(MATCH($K10,$D$3:$D$170,0))),"선행스킬1 없음",IF(AND($L10<>"",ISNA(MATCH($L10,$D$3:$D$170,0))),"선행스킬2 없음",IF(AND($N10<>"",ISNA(MATCH($N10,$D$3:$D$170,0))),"타계열선행 없음","OK"))))))))) -> OK | T10: 3D-I | U10: 3도 스케일 | V10: 흉성(여자) | X10: 9 | Y10: 립트릴 3번
A11: 저음 | B11: 3 | C11: 3 | D11: L3-3 | E11: 립트릴 | F11: 3D-A | G11: 3D-B | H11: =IF($F11="","",IF($G11="",IFERROR(INDEX(참조_스케일목록!$B:$B,MATCH($F11,참조_스케일목록!$A:$A,0))&" ("&INDEX(참조_스케일목록!$C:$C,MATCH($F11,참조_스케일목록!$A:$A,0))&")","※없는 ID"),"여 "&IFERROR(INDEX(참조_스케일목록!$B:$B,MATCH($F11,참조_스케일목록!$A:$A,0))&" ("&INDEX(참조_스케일목록!$C:$C,MATCH($F11,참조_스케일목록!$A:$A,0))&")","※없는 ID")&" / 남 "&IFERROR(INDEX(참조_스케일목록!$B:$B,MATCH($G11,참조_스케일목록!$A:$A,0))&" ("&INDEX(참조_스케일목록!$C:$C,MATCH($G11,참조_스케일목록!$A:$A,0))&")","※없는 ID"))) -> 여 3도 스케일 (흉성(여자)) / 남 3도 스케일 (흉성(남)) | I11: 1 | J11: 7 | P11: 준비중 | R11: =IF($A11="","",IF(AND($C11<>"",OR($C11<1,$C11>5,MOD($C11*2,1)<>0)),"자리는 1~5 (0.5단위)",IF(COUNTIFS($A$3:$A$170,$A11,$B$3:$B$170,$B11,$C$3:$C$170,$C11)>1,"같은 자리 중복",IF($D11="","스킬ID 비었음",IF(COUNTIF($D$3:$D$170,$D11)>1,"스킬ID 중복",IF(AND($G11<>"",$F11=""),"여 스케일도 필요",IF(AND($K11<>"",ISNA(MATCH($K11,$D$3:$D$170,0))),"선행스킬1 없음",IF(AND($L11<>"",ISNA(MATCH($L11,$D$3:$D$170,0))),"선행스킬2 없음",IF(AND($N11<>"",ISNA(MATCH($N11,$D$3:$D$170,0))),"타계열선행 없음","OK"))))))))) -> OK | T11: 5D-A | U11: 5도 스케일 | V11: 흉성(여자) | X11: 10 | Y11: 립트릴 4번
A12: 저음 | B12: 3 | C12: 4 | D12: L3-4 | H12: =IF($F12="","",IF($G12="",IFERROR(INDEX(참조_스케일목록!$B:$B,MATCH($F12,참조_스케일목록!$A:$A,0))&" ("&INDEX(참조_스케일목록!$C:$C,MATCH($F12,참조_스케일목록!$A:$A,0))&")","※없는 ID"),"여 "&IFERROR(INDEX(참조_스케일목록!$B:$B,MATCH($F12,참조_스케일목록!$A:$A,0))&" ("&INDEX(참조_스케일목록!$C:$C,MATCH($F12,참조_스케일목록!$A:$A,0))&")","※없는 ID")&" / 남 "&IFERROR(INDEX(참조_스케일목록!$B:$B,MATCH($G12,참조_스케일목록!$A:$A,0))&" ("&INDEX(참조_스케일목록!$C:$C,MATCH($G12,참조_스케일목록!$A:$A,0))&")","※없는 ID"))) | P12: 준비중 | R12: =IF($A12="","",IF(AND($C12<>"",OR($C12<1,$C12>5,MOD($C12*2,1)<>0)),"자리는 1~5 (0.5단위)",IF(COUNTIFS($A$3:$A$170,$A12,$B$3:$B$170,$B12,$C$3:$C$170,$C12)>1,"같은 자리 중복",IF($D12="","스킬ID 비었음",IF(COUNTIF($D$3:$D$170,$D12)>1,"스킬ID 중복",IF(AND($G12<>"",$F12=""),"여 스케일도 필요",IF(AND($K12<>"",ISNA(MATCH($K12,$D$3:$D$170,0))),"선행스킬1 없음",IF(AND($L12<>"",ISNA(MATCH($L12,$D$3:$D$170,0))),"선행스킬2 없음",IF(AND($N12<>"",ISNA(MATCH($N12,$D$3:$D$170,0))),"타계열선행 없음","OK"))))))))) -> OK | T12: 5D-J | U12: 5도 스케일 | V12: 흉성(남자) | X12: 11 | Y12: S로 호흡 뱉기
A13: 저음 | B13: 3 | C13: 5 | D13: L3-5 | E13: 강한 아~아~아~ | H13: =IF($F13="","",IF($G13="",IFERROR(INDEX(참조_스케일목록!$B:$B,MATCH($F13,참조_스케일목록!$A:$A,0))&" ("&INDEX(참조_스케일목록!$C:$C,MATCH($F13,참조_스케일목록!$A:$A,0))&")","※없는 ID"),"여 "&IFERROR(INDEX(참조_스케일목록!$B:$B,MATCH($F13,참조_스케일목록!$A:$A,0))&" ("&INDEX(참조_스케일목록!$C:$C,MATCH($F13,참조_스케일목록!$A:$A,0))&")","※없는 ID")&" / 남 "&IFERROR(INDEX(참조_스케일목록!$B:$B,MATCH($G13,참조_스케일목록!$A:$A,0))&" ("&INDEX(참조_스케일목록!$C:$C,MATCH($G13,참조_스케일목록!$A:$A,0))&")","※없는 ID"))) | I13: 1 | J13: 7 | P13: 준비중 | R13: =IF($A13="","",IF(AND($C13<>"",OR($C13<1,$C13>5,MOD($C13*2,1)<>0)),"자리는 1~5 (0.5단위)",IF(COUNTIFS($A$3:$A$170,$A13,$B$3:$B$170,$B13,$C$3:$C$170,$C13)>1,"같은 자리 중복",IF($D13="","스킬ID 비었음",IF(COUNTIF($D$3:$D$170,$D13)>1,"스킬ID 중복",IF(AND($G13<>"",$F13=""),"여 스케일도 필요",IF(AND($K13<>"",ISNA(MATCH($K13,$D$3:$D$170,0))),"선행스킬1 없음",IF(AND($L13<>"",ISNA(MATCH($L13,$D$3:$D$170,0))),"선행스킬2 없음",IF(AND($N13<>"",ISNA(MATCH($N13,$D$3:$D$170,0))),"타계열선행 없음","OK"))))))))) -> OK | T13: 5D-B | U13: 5도 스케일 | V13: 흉성~낮은두성 | X13: 12 | Y13: S로 스타카토 호흡뱉기
A14: 저음 | B14: 4 | C14: 1 | D14: L4-1 | E14: 강한 우(앞) | F14: 3D-A | G14: 3D-B | H14: =IF($F14="","",IF($G14="",IFERROR(INDEX(참조_스케일목록!$B:$B,MATCH($F14,참조_스케일목록!$A:$A,0))&" ("&INDEX(참조_스케일목록!$C:$C,MATCH($F14,참조_스케일목록!$A:$A,0))&")","※없는 ID"),"여 "&IFERROR(INDEX(참조_스케일목록!$B:$B,MATCH($F14,참조_스케일목록!$A:$A,0))&" ("&INDEX(참조_스케일목록!$C:$C,MATCH($F14,참조_스케일목록!$A:$A,0))&")","※없는 ID")&" / 남 "&IFERROR(INDEX(참조_스케일목록!$B:$B,MATCH($G14,참조_스케일목록!$A:$A,0))&" ("&INDEX(참조_스케일목록!$C:$C,MATCH($G14,참조_스케일목록!$A:$A,0))&")","※없는 ID"))) -> 여 3도 스케일 (흉성(여자)) / 남 3도 스케일 (흉성(남)) | I14: 1 | J14: 7 | P14: 준비중 | R14: =IF($A14="","",IF(AND($C14<>"",OR($C14<1,$C14>5,MOD($C14*2,1)<>0)),"자리는 1~5 (0.5단위)",IF(COUNTIFS($A$3:$A$170,$A14,$B$3:$B$170,$B14,$C$3:$C$170,$C14)>1,"같은 자리 중복",IF($D14="","스킬ID 비었음",IF(COUNTIF($D$3:$D$170,$D14)>1,"스킬ID 중복",IF(AND($G14<>"",$F14=""),"여 스케일도 필요",IF(AND($K14<>"",ISNA(MATCH($K14,$D$3:$D$170,0))),"선행스킬1 없음",IF(AND($L14<>"",ISNA(MATCH($L14,$D$3:$D$170,0))),"선행스킬2 없음",IF(AND($N14<>"",ISNA(MATCH($N14,$D$3:$D$170,0))),"타계열선행 없음","OK"))))))))) -> OK | T14: 5D-C | U14: 5도 스케일 | V14: 흉성~높은두성 | X14: 13 | Y14: S로 소리내기
A15: 저음 | B15: 4 | C15: 2 | D15: L4-2 | P15: 준비중 | R15: =IF($A15="","",IF(AND($C15<>"",OR($C15<1,$C15>5,MOD($C15*2,1)<>0)),"자리는 1~5 (0.5단위)",IF(COUNTIFS($A$3:$A$170,$A15,$B$3:$B$170,$B15,$C$3:$C$170,$C15)>1,"같은 자리 중복",IF($D15="","스킬ID 비었음",IF(COUNTIF($D$3:$D$170,$D15)>1,"스킬ID 중복",IF(AND($G15<>"",$F15=""),"여 스케일도 필요",IF(AND($K15<>"",ISNA(MATCH($K15,$D$3:$D$170,0))),"선행스킬1 없음",IF(AND($L15<>"",ISNA(MATCH($L15,$D$3:$D$170,0))),"선행스킬2 없음",IF(AND($N15<>"",ISNA(MATCH($N15,$D$3:$D$170,0))),"타계열선행 없음","OK"))))))))) -> OK | T15: 5D-D | U15: 5도 스케일 | V15: 흉성~휘슬 | X15: 14 | Y15: Z 스타카토 소리내기
A16: 저음 | B16: 4 | C16: 3 | D16: L4-3 | H16: =IF($F16="","",IF($G16="",IFERROR(INDEX(참조_스케일목록!$B:$B,MATCH($F16,참조_스케일목록!$A:$A,0))&" ("&INDEX(참조_스케일목록!$C:$C,MATCH($F16,참조_스케일목록!$A:$A,0))&")","※없는 ID"),"여 "&IFERROR(INDEX(참조_스케일목록!$B:$B,MATCH($F16,참조_스케일목록!$A:$A,0))&" ("&INDEX(참조_스케일목록!$C:$C,MATCH($F16,참조_스케일목록!$A:$A,0))&")","※없는 ID")&" / 남 "&IFERROR(INDEX(참조_스케일목록!$B:$B,MATCH($G16,참조_스케일목록!$A:$A,0))&" ("&INDEX(참조_스케일목록!$C:$C,MATCH($G16,참조_스케일목록!$A:$A,0))&")","※없는 ID"))) | P16: 준비중 | R16: =IF($A16="","",IF(AND($C16<>"",OR($C16<1,$C16>5,MOD($C16*2,1)<>0)),"자리는 1~5 (0.5단위)",IF(COUNTIFS($A$3:$A$170,$A16,$B$3:$B$170,$B16,$C$3:$C$170,$C16)>1,"같은 자리 중복",IF($D16="","스킬ID 비었음",IF(COUNTIF($D$3:$D$170,$D16)>1,"스킬ID 중복",IF(AND($G16<>"",$F16=""),"여 스케일도 필요",IF(AND($K16<>"",ISNA(MATCH($K16,$D$3:$D$170,0))),"선행스킬1 없음",IF(AND($L16<>"",ISNA(MATCH($L16,$D$3:$D$170,0))),"선행스킬2 없음",IF(AND($N16<>"",ISNA(MATCH($N16,$D$3:$D$170,0))),"타계열선행 없음","OK"))))))))) -> OK | T16: 5D-E | U16: 5도 스케일 | V16: 중성~낮은중성 | X16: 15 | Y16: Z 한음 유지
A17: 저음 | B17: 4 | C17: 4 | D17: L4-4 | H17: =IF($F17="","",IF($G17="",IFERROR(INDEX(참조_스케일목록!$B:$B,MATCH($F17,참조_스케일목록!$A:$A,0))&" ("&INDEX(참조_스케일목록!$C:$C,MATCH($F17,참조_스케일목록!$A:$A,0))&")","※없는 ID"),"여 "&IFERROR(INDEX(참조_스케일목록!$B:$B,MATCH($F17,참조_스케일목록!$A:$A,0))&" ("&INDEX(참조_스케일목록!$C:$C,MATCH($F17,참조_스케일목록!$A:$A,0))&")","※없는 ID")&" / 남 "&IFERROR(INDEX(참조_스케일목록!$B:$B,MATCH($G17,참조_스케일목록!$A:$A,0))&" ("&INDEX(참조_스케일목록!$C:$C,MATCH($G17,참조_스케일목록!$A:$A,0))&")","※없는 ID"))) | P17: 준비중 | R17: =IF($A17="","",IF(AND($C17<>"",OR($C17<1,$C17>5,MOD($C17*2,1)<>0)),"자리는 1~5 (0.5단위)",IF(COUNTIFS($A$3:$A$170,$A17,$B$3:$B$170,$B17,$C$3:$C$170,$C17)>1,"같은 자리 중복",IF($D17="","스킬ID 비었음",IF(COUNTIF($D$3:$D$170,$D17)>1,"스킬ID 중복",IF(AND($G17<>"",$F17=""),"여 스케일도 필요",IF(AND($K17<>"",ISNA(MATCH($K17,$D$3:$D$170,0))),"선행스킬1 없음",IF(AND($L17<>"",ISNA(MATCH($L17,$D$3:$D$170,0))),"선행스킬2 없음",IF(AND($N17<>"",ISNA(MATCH($N17,$D$3:$D$170,0))),"타계열선행 없음","OK"))))))))) -> OK | T17: 5D-F | U17: 5도 스케일 | V17: 중성~높은중성 | X17: 16 | Y17: Z 소리내기
A18: 저음 | B18: 4 | C18: 5 | D18: L4-5 | E18: 강한 아(앞) | F18: 3D-A | G18: 3D-B | H18: =IF($F18="","",IF($G18="",IFERROR(INDEX(참조_스케일목록!$B:$B,MATCH($F18,참조_스케일목록!$A:$A,0))&" ("&INDEX(참조_스케일목록!$C:$C,MATCH($F18,참조_스케일목록!$A:$A,0))&")","※없는 ID"),"여 "&IFERROR(INDEX(참조_스케일목록!$B:$B,MATCH($F18,참조_스케일목록!$A:$A,0))&" ("&INDEX(참조_스케일목록!$C:$C,MATCH($F18,참조_스케일목록!$A:$A,0))&")","※없는 ID")&" / 남 "&IFERROR(INDEX(참조_스케일목록!$B:$B,MATCH($G18,참조_스케일목록!$A:$A,0))&" ("&INDEX(참조_스케일목록!$C:$C,MATCH($G18,참조_스케일목록!$A:$A,0))&")","※없는 ID"))) -> 여 3도 스케일 (흉성(여자)) / 남 3도 스케일 (흉성(남)) | I18: 1 | J18: 7 | P18: 준비중 | R18: =IF($A18="","",IF(AND($C18<>"",OR($C18<1,$C18>5,MOD($C18*2,1)<>0)),"자리는 1~5 (0.5단위)",IF(COUNTIFS($A$3:$A$170,$A18,$B$3:$B$170,$B18,$C$3:$C$170,$C18)>1,"같은 자리 중복",IF($D18="","스킬ID 비었음",IF(COUNTIF($D$3:$D$170,$D18)>1,"스킬ID 중복",IF(AND($G18<>"",$F18=""),"여 스케일도 필요",IF(AND($K18<>"",ISNA(MATCH($K18,$D$3:$D$170,0))),"선행스킬1 없음",IF(AND($L18<>"",ISNA(MATCH($L18,$D$3:$D$170,0))),"선행스킬2 없음",IF(AND($N18<>"",ISNA(MATCH($N18,$D$3:$D$170,0))),"타계열선행 없음","OK"))))))))) -> OK | T18: 5D-G | U18: 5도 스케일 | V18: 중성~낮은두성 | X18: 17 | Y18: 허밍
A19: 저음 | B19: 5 | C19: 1 | D19: L5-1 | E19: 강한 우(뒤) | F19: 3D-A | G19: 3D-B | H19: =IF($F19="","",IF($G19="",IFERROR(INDEX(참조_스케일목록!$B:$B,MATCH($F19,참조_스케일목록!$A:$A,0))&" ("&INDEX(참조_스케일목록!$C:$C,MATCH($F19,참조_스케일목록!$A:$A,0))&")","※없는 ID"),"여 "&IFERROR(INDEX(참조_스케일목록!$B:$B,MATCH($F19,참조_스케일목록!$A:$A,0))&" ("&INDEX(참조_스케일목록!$C:$C,MATCH($F19,참조_스케일목록!$A:$A,0))&")","※없는 ID")&" / 남 "&IFERROR(INDEX(참조_스케일목록!$B:$B,MATCH($G19,참조_스케일목록!$A:$A,0))&" ("&INDEX(참조_스케일목록!$C:$C,MATCH($G19,참조_스케일목록!$A:$A,0))&")","※없는 ID"))) -> 여 3도 스케일 (흉성(여자)) / 남 3도 스케일 (흉성(남)) | I19: 1 | J19: 7 | P19: 준비중 | R19: =IF($A19="","",IF(AND($C19<>"",OR($C19<1,$C19>5,MOD($C19*2,1)<>0)),"자리는 1~5 (0.5단위)",IF(COUNTIFS($A$3:$A$170,$A19,$B$3:$B$170,$B19,$C$3:$C$170,$C19)>1,"같은 자리 중복",IF($D19="","스킬ID 비었음",IF(COUNTIF($D$3:$D$170,$D19)>1,"스킬ID 중복",IF(AND($G19<>"",$F19=""),"여 스케일도 필요",IF(AND($K19<>"",ISNA(MATCH($K19,$D$3:$D$170,0))),"선행스킬1 없음",IF(AND($L19<>"",ISNA(MATCH($L19,$D$3:$D$170,0))),"선행스킬2 없음",IF(AND($N19<>"",ISNA(MATCH($N19,$D$3:$D$170,0))),"타계열선행 없음","OK"))))))))) -> OK | T19: 5D-H | U19: 5도 스케일 | V19: 중성~높은두성 | X19: 18 | Y19: 오픈 허밍
A20: 저음 | B20: 5 | C20: 2 | D20: L5-2 | P20: 준비중 | R20: =IF($A20="","",IF(AND($C20<>"",OR($C20<1,$C20>5,MOD($C20*2,1)<>0)),"자리는 1~5 (0.5단위)",IF(COUNTIFS($A$3:$A$170,$A20,$B$3:$B$170,$B20,$C$3:$C$170,$C20)>1,"같은 자리 중복",IF($D20="","스킬ID 비었음",IF(COUNTIF($D$3:$D$170,$D20)>1,"스킬ID 중복",IF(AND($G20<>"",$F20=""),"여 스케일도 필요",IF(AND($K20<>"",ISNA(MATCH($K20,$D$3:$D$170,0))),"선행스킬1 없음",IF(AND($L20<>"",ISNA(MATCH($L20,$D$3:$D$170,0))),"선행스킬2 없음",IF(AND($N20<>"",ISNA(MATCH($N20,$D$3:$D$170,0))),"타계열선행 없음","OK"))))))))) -> OK | T20: 5D-I | U20: 5도 스케일 | V20: 중성~휘슬 | X20: 19 | Y20: 오픈허밍 아~
A21: 저음 | B21: 5 | C21: 3 | D21: L5-3 | H21: =IF($F21="","",IF($G21="",IFERROR(INDEX(참조_스케일목록!$B:$B,MATCH($F21,참조_스케일목록!$A:$A,0))&" ("&INDEX(참조_스케일목록!$C:$C,MATCH($F21,참조_스케일목록!$A:$A,0))&")","※없는 ID"),"여 "&IFERROR(INDEX(참조_스케일목록!$B:$B,MATCH($F21,참조_스케일목록!$A:$A,0))&" ("&INDEX(참조_스케일목록!$C:$C,MATCH($F21,참조_스케일목록!$A:$A,0))&")","※없는 ID")&" / 남 "&IFERROR(INDEX(참조_스케일목록!$B:$B,MATCH($G21,참조_스케일목록!$A:$A,0))&" ("&INDEX(참조_스케일목록!$C:$C,MATCH($G21,참조_스케일목록!$A:$A,0))&")","※없는 ID"))) | P21: 준비중 | R21: =IF($A21="","",IF(AND($C21<>"",OR($C21<1,$C21>5,MOD($C21*2,1)<>0)),"자리는 1~5 (0.5단위)",IF(COUNTIFS($A$3:$A$170,$A21,$B$3:$B$170,$B21,$C$3:$C$170,$C21)>1,"같은 자리 중복",IF($D21="","스킬ID 비었음",IF(COUNTIF($D$3:$D$170,$D21)>1,"스킬ID 중복",IF(AND($G21<>"",$F21=""),"여 스케일도 필요",IF(AND($K21<>"",ISNA(MATCH($K21,$D$3:$D$170,0))),"선행스킬1 없음",IF(AND($L21<>"",ISNA(MATCH($L21,$D$3:$D$170,0))),"선행스킬2 없음",IF(AND($N21<>"",ISNA(MATCH($N21,$D$3:$D$170,0))),"타계열선행 없음","OK"))))))))) -> OK | T21: 5H-A | U21: 5도 쉬고 내려오기 | V21: 흉성(여자) | X21: 20 | Y21: 오픈허밍 마아~
A22: 저음 | B22: 5 | C22: 4 | D22: L5-4 | H22: =IF($F22="","",IF($G22="",IFERROR(INDEX(참조_스케일목록!$B:$B,MATCH($F22,참조_스케일목록!$A:$A,0))&" ("&INDEX(참조_스케일목록!$C:$C,MATCH($F22,참조_스케일목록!$A:$A,0))&")","※없는 ID"),"여 "&IFERROR(INDEX(참조_스케일목록!$B:$B,MATCH($F22,참조_스케일목록!$A:$A,0))&" ("&INDEX(참조_스케일목록!$C:$C,MATCH($F22,참조_스케일목록!$A:$A,0))&")","※없는 ID")&" / 남 "&IFERROR(INDEX(참조_스케일목록!$B:$B,MATCH($G22,참조_스케일목록!$A:$A,0))&" ("&INDEX(참조_스케일목록!$C:$C,MATCH($G22,참조_스케일목록!$A:$A,0))&")","※없는 ID"))) | P22: 준비중 | R22: =IF($A22="","",IF(AND($C22<>"",OR($C22<1,$C22>5,MOD($C22*2,1)<>0)),"자리는 1~5 (0.5단위)",IF(COUNTIFS($A$3:$A$170,$A22,$B$3:$B$170,$B22,$C$3:$C$170,$C22)>1,"같은 자리 중복",IF($D22="","스킬ID 비었음",IF(COUNTIF($D$3:$D$170,$D22)>1,"스킬ID 중복",IF(AND($G22<>"",$F22=""),"여 스케일도 필요",IF(AND($K22<>"",ISNA(MATCH($K22,$D$3:$D$170,0))),"선행스킬1 없음",IF(AND($L22<>"",ISNA(MATCH($L22,$D$3:$D$170,0))),"선행스킬2 없음",IF(AND($N22<>"",ISNA(MATCH($N22,$D$3:$D$170,0))),"타계열선행 없음","OK"))))))))) -> OK | T22: 5H-I | U22: 5도 쉬고 내려오기 | V22: 흉성(남자) | X22: 21 | Y22: 소울음소리
A23: 저음 | B23: 5 | C23: 5 | D23: L5-5 | E23: 강한 아(뒤) | F23: 3D-A | G23: 3D-B | H23: =IF($F23="","",IF($G23="",IFERROR(INDEX(참조_스케일목록!$B:$B,MATCH($F23,참조_스케일목록!$A:$A,0))&" ("&INDEX(참조_스케일목록!$C:$C,MATCH($F23,참조_스케일목록!$A:$A,0))&")","※없는 ID"),"여 "&IFERROR(INDEX(참조_스케일목록!$B:$B,MATCH($F23,참조_스케일목록!$A:$A,0))&" ("&INDEX(참조_스케일목록!$C:$C,MATCH($F23,참조_스케일목록!$A:$A,0))&")","※없는 ID")&" / 남 "&IFERROR(INDEX(참조_스케일목록!$B:$B,MATCH($G23,참조_스케일목록!$A:$A,0))&" ("&INDEX(참조_스케일목록!$C:$C,MATCH($G23,참조_스케일목록!$A:$A,0))&")","※없는 ID"))) -> 여 3도 스케일 (흉성(여자)) / 남 3도 스케일 (흉성(남)) | I23: 1 | J23: 7 | P23: 준비중 | R23: =IF($A23="","",IF(AND($C23<>"",OR($C23<1,$C23>5,MOD($C23*2,1)<>0)),"자리는 1~5 (0.5단위)",IF(COUNTIFS($A$3:$A$170,$A23,$B$3:$B$170,$B23,$C$3:$C$170,$C23)>1,"같은 자리 중복",IF($D23="","스킬ID 비었음",IF(COUNTIF($D$3:$D$170,$D23)>1,"스킬ID 중복",IF(AND($G23<>"",$F23=""),"여 스케일도 필요",IF(AND($K23<>"",ISNA(MATCH($K23,$D$3:$D$170,0))),"선행스킬1 없음",IF(AND($L23<>"",ISNA(MATCH($L23,$D$3:$D$170,0))),"선행스킬2 없음",IF(AND($N23<>"",ISNA(MATCH($N23,$D$3:$D$170,0))),"타계열선행 없음","OK"))))))))) -> OK | T23: 5H-E | U23: 5도 쉬고 내려오기 | V23: 흉성~낮은두성 | X23: 22 | Y23: 우~우~우~
A24: 저음 | B24: 6 | C24: 1 | D24: L6-1 | E24: 우 | F24: 3D-A | G24: 3D-B | H24: =IF($F24="","",IF($G24="",IFERROR(INDEX(참조_스케일목록!$B:$B,MATCH($F24,참조_스케일목록!$A:$A,0))&" ("&INDEX(참조_스케일목록!$C:$C,MATCH($F24,참조_스케일목록!$A:$A,0))&")","※없는 ID"),"여 "&IFERROR(INDEX(참조_스케일목록!$B:$B,MATCH($F24,참조_스케일목록!$A:$A,0))&" ("&INDEX(참조_스케일목록!$C:$C,MATCH($F24,참조_스케일목록!$A:$A,0))&")","※없는 ID")&" / 남 "&IFERROR(INDEX(참조_스케일목록!$B:$B,MATCH($G24,참조_스케일목록!$A:$A,0))&" ("&INDEX(참조_스케일목록!$C:$C,MATCH($G24,참조_스케일목록!$A:$A,0))&")","※없는 ID"))) -> 여 3도 스케일 (흉성(여자)) / 남 3도 스케일 (흉성(남)) | I24: 1 | J24: 7 | P24: 준비중 | R24: =IF($A24="","",IF(AND($C24<>"",OR($C24<1,$C24>5,MOD($C24*2,1)<>0)),"자리는 1~5 (0.5단위)",IF(COUNTIFS($A$3:$A$170,$A24,$B$3:$B$170,$B24,$C$3:$C$170,$C24)>1,"같은 자리 중복",IF($D24="","스킬ID 비었음",IF(COUNTIF($D$3:$D$170,$D24)>1,"스킬ID 중복",IF(AND($G24<>"",$F24=""),"여 스케일도 필요",IF(AND($K24<>"",ISNA(MATCH($K24,$D$3:$D$170,0))),"선행스킬1 없음",IF(AND($L24<>"",ISNA(MATCH($L24,$D$3:$D$170,0))),"선행스킬2 없음",IF(AND($N24<>"",ISNA(MATCH($N24,$D$3:$D$170,0))),"타계열선행 없음","OK"))))))))) -> OK | T24: 5H-F | U24: 5도 쉬고 내려오기 | V24: 흉성~높은두성 | X24: 23 | Y24: 강한 우~우~우~
A25: 저음 | B25: 6 | C25: 2 | D25: L6-2 | P25: 준비중 | R25: =IF($A25="","",IF(AND($C25<>"",OR($C25<1,$C25>5,MOD($C25*2,1)<>0)),"자리는 1~5 (0.5단위)",IF(COUNTIFS($A$3:$A$170,$A25,$B$3:$B$170,$B25,$C$3:$C$170,$C25)>1,"같은 자리 중복",IF($D25="","스킬ID 비었음",IF(COUNTIF($D$3:$D$170,$D25)>1,"스킬ID 중복",IF(AND($G25<>"",$F25=""),"여 스케일도 필요",IF(AND($K25<>"",ISNA(MATCH($K25,$D$3:$D$170,0))),"선행스킬1 없음",IF(AND($L25<>"",ISNA(MATCH($L25,$D$3:$D$170,0))),"선행스킬2 없음",IF(AND($N25<>"",ISNA(MATCH($N25,$D$3:$D$170,0))),"타계열선행 없음","OK"))))))))) -> OK | T25: 5H-G | U25: 5도 쉬고 내려오기 | V25: 중성~낮은중성 | X25: 24 | Y25: 호흡 섞은 우 소리내기
A26: 저음 | B26: 6 | C26: 3 | D26: L6-3 | H26: =IF($F26="","",IF($G26="",IFERROR(INDEX(참조_스케일목록!$B:$B,MATCH($F26,참조_스케일목록!$A:$A,0))&" ("&INDEX(참조_스케일목록!$C:$C,MATCH($F26,참조_스케일목록!$A:$A,0))&")","※없는 ID"),"여 "&IFERROR(INDEX(참조_스케일목록!$B:$B,MATCH($F26,참조_스케일목록!$A:$A,0))&" ("&INDEX(참조_스케일목록!$C:$C,MATCH($F26,참조_스케일목록!$A:$A,0))&")","※없는 ID")&" / 남 "&IFERROR(INDEX(참조_스케일목록!$B:$B,MATCH($G26,참조_스케일목록!$A:$A,0))&" ("&INDEX(참조_스케일목록!$C:$C,MATCH($G26,참조_스케일목록!$A:$A,0))&")","※없는 ID"))) | P26: 준비중 | R26: =IF($A26="","",IF(AND($C26<>"",OR($C26<1,$C26>5,MOD($C26*2,1)<>0)),"자리는 1~5 (0.5단위)",IF(COUNTIFS($A$3:$A$170,$A26,$B$3:$B$170,$B26,$C$3:$C$170,$C26)>1,"같은 자리 중복",IF($D26="","스킬ID 비었음",IF(COUNTIF($D$3:$D$170,$D26)>1,"스킬ID 중복",IF(AND($G26<>"",$F26=""),"여 스케일도 필요",IF(AND($K26<>"",ISNA(MATCH($K26,$D$3:$D$170,0))),"선행스킬1 없음",IF(AND($L26<>"",ISNA(MATCH($L26,$D$3:$D$170,0))),"선행스킬2 없음",IF(AND($N26<>"",ISNA(MATCH($N26,$D$3:$D$170,0))),"타계열선행 없음","OK"))))))))) -> OK | T26: 5H-H | U26: 5도 쉬고 내려오기 | V26: 중성~높은중성 | X26: 25 | Y26: 가슴에 호흡 대기
A27: 저음 | B27: 6 | C27: 4 | D27: L6-4 | H27: =IF($F27="","",IF($G27="",IFERROR(INDEX(참조_스케일목록!$B:$B,MATCH($F27,참조_스케일목록!$A:$A,0))&" ("&INDEX(참조_스케일목록!$C:$C,MATCH($F27,참조_스케일목록!$A:$A,0))&")","※없는 ID"),"여 "&IFERROR(INDEX(참조_스케일목록!$B:$B,MATCH($F27,참조_스케일목록!$A:$A,0))&" ("&INDEX(참조_스케일목록!$C:$C,MATCH($F27,참조_스케일목록!$A:$A,0))&")","※없는 ID")&" / 남 "&IFERROR(INDEX(참조_스케일목록!$B:$B,MATCH($G27,참조_스케일목록!$A:$A,0))&" ("&INDEX(참조_스케일목록!$C:$C,MATCH($G27,참조_스케일목록!$A:$A,0))&")","※없는 ID"))) | P27: 준비중 | R27: =IF($A27="","",IF(AND($C27<>"",OR($C27<1,$C27>5,MOD($C27*2,1)<>0)),"자리는 1~5 (0.5단위)",IF(COUNTIFS($A$3:$A$170,$A27,$B$3:$B$170,$B27,$C$3:$C$170,$C27)>1,"같은 자리 중복",IF($D27="","스킬ID 비었음",IF(COUNTIF($D$3:$D$170,$D27)>1,"스킬ID 중복",IF(AND($G27<>"",$F27=""),"여 스케일도 필요",IF(AND($K27<>"",ISNA(MATCH($K27,$D$3:$D$170,0))),"선행스킬1 없음",IF(AND($L27<>"",ISNA(MATCH($L27,$D$3:$D$170,0))),"선행스킬2 없음",IF(AND($N27<>"",ISNA(MATCH($N27,$D$3:$D$170,0))),"타계열선행 없음","OK"))))))))) -> OK | T27: 5H-B | U27: 5도 쉬고 내려오기 | V27: 중성~낮은두성 | X27: 26 | Y27: 강한 성대음 만들기 (흉성)
A28: 저음 | B28: 6 | C28: 5 | D28: L6-5 | E28: 아 | F28: 3D-A | G28: 3D-B | H28: =IF($F28="","",IF($G28="",IFERROR(INDEX(참조_스케일목록!$B:$B,MATCH($F28,참조_스케일목록!$A:$A,0))&" ("&INDEX(참조_스케일목록!$C:$C,MATCH($F28,참조_스케일목록!$A:$A,0))&")","※없는 ID"),"여 "&IFERROR(INDEX(참조_스케일목록!$B:$B,MATCH($F28,참조_스케일목록!$A:$A,0))&" ("&INDEX(참조_스케일목록!$C:$C,MATCH($F28,참조_스케일목록!$A:$A,0))&")","※없는 ID")&" / 남 "&IFERROR(INDEX(참조_스케일목록!$B:$B,MATCH($G28,참조_스케일목록!$A:$A,0))&" ("&INDEX(참조_스케일목록!$C:$C,MATCH($G28,참조_스케일목록!$A:$A,0))&")","※없는 ID"))) -> 여 3도 스케일 (흉성(여자)) / 남 3도 스케일 (흉성(남)) | I28: 1 | J28: 7 | P28: 준비중 | R28: =IF($A28="","",IF(AND($C28<>"",OR($C28<1,$C28>5,MOD($C28*2,1)<>0)),"자리는 1~5 (0.5단위)",IF(COUNTIFS($A$3:$A$170,$A28,$B$3:$B$170,$B28,$C$3:$C$170,$C28)>1,"같은 자리 중복",IF($D28="","스킬ID 비었음",IF(COUNTIF($D$3:$D$170,$D28)>1,"스킬ID 중복",IF(AND($G28<>"",$F28=""),"여 스케일도 필요",IF(AND($K28<>"",ISNA(MATCH($K28,$D$3:$D$170,0))),"선행스킬1 없음",IF(AND($L28<>"",ISNA(MATCH($L28,$D$3:$D$170,0))),"선행스킬2 없음",IF(AND($N28<>"",ISNA(MATCH($N28,$D$3:$D$170,0))),"타계열선행 없음","OK"))))))))) -> OK | T28: 5H-C | U28: 5도 쉬고 내려오기 | V28: 중성~높은두성 | X28: 27 | Y28: 강한 성대음 만들기 (중성)
A29: 중음 | B29: 1 | C29: 1 | D29: M1-1 | H29: =IF($F29="","",IF($G29="",IFERROR(INDEX(참조_스케일목록!$B:$B,MATCH($F29,참조_스케일목록!$A:$A,0))&" ("&INDEX(참조_스케일목록!$C:$C,MATCH($F29,참조_스케일목록!$A:$A,0))&")","※없는 ID"),"여 "&IFERROR(INDEX(참조_스케일목록!$B:$B,MATCH($F29,참조_스케일목록!$A:$A,0))&" ("&INDEX(참조_스케일목록!$C:$C,MATCH($F29,참조_스케일목록!$A:$A,0))&")","※없는 ID")&" / 남 "&IFERROR(INDEX(참조_스케일목록!$B:$B,MATCH($G29,참조_스케일목록!$A:$A,0))&" ("&INDEX(참조_스케일목록!$C:$C,MATCH($G29,참조_스케일목록!$A:$A,0))&")","※없는 ID"))) | P29: 공개 | R29: =IF($A29="","",IF(AND($C29<>"",OR($C29<1,$C29>5,MOD($C29*2,1)<>0)),"자리는 1~5 (0.5단위)",IF(COUNTIFS($A$3:$A$170,$A29,$B$3:$B$170,$B29,$C$3:$C$170,$C29)>1,"같은 자리 중복",IF($D29="","스킬ID 비었음",IF(COUNTIF($D$3:$D$170,$D29)>1,"스킬ID 중복",IF(AND($G29<>"",$F29=""),"여 스케일도 필요",IF(AND($K29<>"",ISNA(MATCH($K29,$D$3:$D$170,0))),"선행스킬1 없음",IF(AND($L29<>"",ISNA(MATCH($L29,$D$3:$D$170,0))),"선행스킬2 없음",IF(AND($N29<>"",ISNA(MATCH($N29,$D$3:$D$170,0))),"타계열선행 없음","OK"))))))))) -> OK | T29: 5H-D | U29: 5도 쉬고 내려오기 | V29: 중성~휘슬
A30: 중음 | B30: 1 | C30: 2 | D30: M1-2 | H30: =IF($F30="","",IF($G30="",IFERROR(INDEX(참조_스케일목록!$B:$B,MATCH($F30,참조_스케일목록!$A:$A,0))&" ("&INDEX(참조_스케일목록!$C:$C,MATCH($F30,참조_스케일목록!$A:$A,0))&")","※없는 ID"),"여 "&IFERROR(INDEX(참조_스케일목록!$B:$B,MATCH($F30,참조_스케일목록!$A:$A,0))&" ("&INDEX(참조_스케일목록!$C:$C,MATCH($F30,참조_스케일목록!$A:$A,0))&")","※없는 ID")&" / 남 "&IFERROR(INDEX(참조_스케일목록!$B:$B,MATCH($G30,참조_스케일목록!$A:$A,0))&" ("&INDEX(참조_스케일목록!$C:$C,MATCH($G30,참조_스케일목록!$A:$A,0))&")","※없는 ID"))) | P30: 공개 | R30: =IF($A30="","",IF(AND($C30<>"",OR($C30<1,$C30>5,MOD($C30*2,1)<>0)),"자리는 1~5 (0.5단위)",IF(COUNTIFS($A$3:$A$170,$A30,$B$3:$B$170,$B30,$C$3:$C$170,$C30)>1,"같은 자리 중복",IF($D30="","스킬ID 비었음",IF(COUNTIF($D$3:$D$170,$D30)>1,"스킬ID 중복",IF(AND($G30<>"",$F30=""),"여 스케일도 필요",IF(AND($K30<>"",ISNA(MATCH($K30,$D$3:$D$170,0))),"선행스킬1 없음",IF(AND($L30<>"",ISNA(MATCH($L30,$D$3:$D$170,0))),"선행스킬2 없음",IF(AND($N30<>"",ISNA(MATCH($N30,$D$3:$D$170,0))),"타계열선행 없음","OK"))))))))) -> OK | T30: 9D-A | U30: 9도 스케일 | V30: 흉성~낮은두성
A31: 중음 | B31: 1 | C31: 3 | D31: M1-3 | E31: 립트릴 | F31: 5D-E | G31: 5D-F | H31: =IF($F31="","",IF($G31="",IFERROR(INDEX(참조_스케일목록!$B:$B,MATCH($F31,참조_스케일목록!$A:$A,0))&" ("&INDEX(참조_스케일목록!$C:$C,MATCH($F31,참조_스케일목록!$A:$A,0))&")","※없는 ID"),"여 "&IFERROR(INDEX(참조_스케일목록!$B:$B,MATCH($F31,참조_스케일목록!$A:$A,0))&" ("&INDEX(참조_스케일목록!$C:$C,MATCH($F31,참조_스케일목록!$A:$A,0))&")","※없는 ID")&" / 남 "&IFERROR(INDEX(참조_스케일목록!$B:$B,MATCH($G31,참조_스케일목록!$A:$A,0))&" ("&INDEX(참조_스케일목록!$C:$C,MATCH($G31,참조_스케일목록!$A:$A,0))&")","※없는 ID"))) -> 여 5도 스케일 (중성~낮은중성) / 남 5도 스케일 (중성~높은중성) | I31: 1 | J31: 7 | O31: 13 | P31: 공개 | R31: =IF($A31="","",IF(AND($C31<>"",OR($C31<1,$C31>5,MOD($C31*2,1)<>0)),"자리는 1~5 (0.5단위)",IF(COUNTIFS($A$3:$A$170,$A31,$B$3:$B$170,$B31,$C$3:$C$170,$C31)>1,"같은 자리 중복",IF($D31="","스킬ID 비었음",IF(COUNTIF($D$3:$D$170,$D31)>1,"스킬ID 중복",IF(AND($G31<>"",$F31=""),"여 스케일도 필요",IF(AND($K31<>"",ISNA(MATCH($K31,$D$3:$D$170,0))),"선행스킬1 없음",IF(AND($L31<>"",ISNA(MATCH($L31,$D$3:$D$170,0))),"선행스킬2 없음",IF(AND($N31<>"",ISNA(MATCH($N31,$D$3:$D$170,0))),"타계열선행 없음","OK"))))))))) -> OK | T31: 9D-B | U31: 9도 스케일 | V31: 흉성~높은두성 | X31: 29 | Y31: 강한 우(뒤)
A32: 중음 | B32: 1 | C32: 4 | D32: M1-4 | H32: =IF($F32="","",IF($G32="",IFERROR(INDEX(참조_스케일목록!$B:$B,MATCH($F32,참조_스케일목록!$A:$A,0))&" ("&INDEX(참조_스케일목록!$C:$C,MATCH($F32,참조_스케일목록!$A:$A,0))&")","※없는 ID"),"여 "&IFERROR(INDEX(참조_스케일목록!$B:$B,MATCH($F32,참조_스케일목록!$A:$A,0))&" ("&INDEX(참조_스케일목록!$C:$C,MATCH($F32,참조_스케일목록!$A:$A,0))&")","※없는 ID")&" / 남 "&IFERROR(INDEX(참조_스케일목록!$B:$B,MATCH($G32,참조_스케일목록!$A:$A,0))&" ("&INDEX(참조_스케일목록!$C:$C,MATCH($G32,참조_스케일목록!$A:$A,0))&")","※없는 ID"))) | P32: 공개 | R32: =IF($A32="","",IF(AND($C32<>"",OR($C32<1,$C32>5,MOD($C32*2,1)<>0)),"자리는 1~5 (0.5단위)",IF(COUNTIFS($A$3:$A$170,$A32,$B$3:$B$170,$B32,$C$3:$C$170,$C32)>1,"같은 자리 중복",IF($D32="","스킬ID 비었음",IF(COUNTIF($D$3:$D$170,$D32)>1,"스킬ID 중복",IF(AND($G32<>"",$F32=""),"여 스케일도 필요",IF(AND($K32<>"",ISNA(MATCH($K32,$D$3:$D$170,0))),"선행스킬1 없음",IF(AND($L32<>"",ISNA(MATCH($L32,$D$3:$D$170,0))),"선행스킬2 없음",IF(AND($N32<>"",ISNA(MATCH($N32,$D$3:$D$170,0))),"타계열선행 없음","OK"))))))))) -> OK | T32: 9D-C | U32: 9도 스케일 | V32: 흉성~휘슬
A33: 중음 | B33: 1 | C33: 5 | D33: M1-5 | H33: =IF($F33="","",IF($G33="",IFERROR(INDEX(참조_스케일목록!$B:$B,MATCH($F33,참조_스케일목록!$A:$A,0))&" ("&INDEX(참조_스케일목록!$C:$C,MATCH($F33,참조_스케일목록!$A:$A,0))&")","※없는 ID"),"여 "&IFERROR(INDEX(참조_스케일목록!$B:$B,MATCH($F33,참조_스케일목록!$A:$A,0))&" ("&INDEX(참조_스케일목록!$C:$C,MATCH($F33,참조_스케일목록!$A:$A,0))&")","※없는 ID")&" / 남 "&IFERROR(INDEX(참조_스케일목록!$B:$B,MATCH($G33,참조_스케일목록!$A:$A,0))&" ("&INDEX(참조_스케일목록!$C:$C,MATCH($G33,참조_스케일목록!$A:$A,0))&")","※없는 ID"))) | P33: 공개 | R33: =IF($A33="","",IF(AND($C33<>"",OR($C33<1,$C33>5,MOD($C33*2,1)<>0)),"자리는 1~5 (0.5단위)",IF(COUNTIFS($A$3:$A$170,$A33,$B$3:$B$170,$B33,$C$3:$C$170,$C33)>1,"같은 자리 중복",IF($D33="","스킬ID 비었음",IF(COUNTIF($D$3:$D$170,$D33)>1,"스킬ID 중복",IF(AND($G33<>"",$F33=""),"여 스케일도 필요",IF(AND($K33<>"",ISNA(MATCH($K33,$D$3:$D$170,0))),"선행스킬1 없음",IF(AND($L33<>"",ISNA(MATCH($L33,$D$3:$D$170,0))),"선행스킬2 없음",IF(AND($N33<>"",ISNA(MATCH($N33,$D$3:$D$170,0))),"타계열선행 없음","OK"))))))))) -> OK | T33: 9H-A | U33: 9도 쉬고 내려오기 | V33: 흉성~낮은두성
A34: 중음 | B34: 2 | C34: 1 | D34: M2-1 | E34: 허밍 | H34: =IF($F34="","",IF($G34="",IFERROR(INDEX(참조_스케일목록!$B:$B,MATCH($F34,참조_스케일목록!$A:$A,0))&" ("&INDEX(참조_스케일목록!$C:$C,MATCH($F34,참조_스케일목록!$A:$A,0))&")","※없는 ID"),"여 "&IFERROR(INDEX(참조_스케일목록!$B:$B,MATCH($F34,참조_스케일목록!$A:$A,0))&" ("&INDEX(참조_스케일목록!$C:$C,MATCH($F34,참조_스케일목록!$A:$A,0))&")","※없는 ID")&" / 남 "&IFERROR(INDEX(참조_스케일목록!$B:$B,MATCH($G34,참조_스케일목록!$A:$A,0))&" ("&INDEX(참조_스케일목록!$C:$C,MATCH($G34,참조_스케일목록!$A:$A,0))&")","※없는 ID"))) | I34: 1 | J34: 7 | K34: M1-3 | P34: 공개 | R34: =IF($A34="","",IF(AND($C34<>"",OR($C34<1,$C34>5,MOD($C34*2,1)<>0)),"자리는 1~5 (0.5단위)",IF(COUNTIFS($A$3:$A$170,$A34,$B$3:$B$170,$B34,$C$3:$C$170,$C34)>1,"같은 자리 중복",IF($D34="","스킬ID 비었음",IF(COUNTIF($D$3:$D$170,$D34)>1,"스킬ID 중복",IF(AND($G34<>"",$F34=""),"여 스케일도 필요",IF(AND($K34<>"",ISNA(MATCH($K34,$D$3:$D$170,0))),"선행스킬1 없음",IF(AND($L34<>"",ISNA(MATCH($L34,$D$3:$D$170,0))),"선행스킬2 없음",IF(AND($N34<>"",ISNA(MATCH($N34,$D$3:$D$170,0))),"타계열선행 없음","OK"))))))))) -> OK | T34: 9H-B | U34: 9도 쉬고 내려오기 | V34: 흉성~높은두성 | X34: 30 | Y34: 강한 우
A35: 중음 | B35: 2 | C35: 2 | D35: M2-2 | H35: =IF($F35="","",IF($G35="",IFERROR(INDEX(참조_스케일목록!$B:$B,MATCH($F35,참조_스케일목록!$A:$A,0))&" ("&INDEX(참조_스케일목록!$C:$C,MATCH($F35,참조_스케일목록!$A:$A,0))&")","※없는 ID"),"여 "&IFERROR(INDEX(참조_스케일목록!$B:$B,MATCH($F35,참조_스케일목록!$A:$A,0))&" ("&INDEX(참조_스케일목록!$C:$C,MATCH($F35,참조_스케일목록!$A:$A,0))&")","※없는 ID")&" / 남 "&IFERROR(INDEX(참조_스케일목록!$B:$B,MATCH($G35,참조_스케일목록!$A:$A,0))&" ("&INDEX(참조_스케일목록!$C:$C,MATCH($G35,참조_스케일목록!$A:$A,0))&")","※없는 ID"))) | P35: 공개 | R35: =IF($A35="","",IF(AND($C35<>"",OR($C35<1,$C35>5,MOD($C35*2,1)<>0)),"자리는 1~5 (0.5단위)",IF(COUNTIFS($A$3:$A$170,$A35,$B$3:$B$170,$B35,$C$3:$C$170,$C35)>1,"같은 자리 중복",IF($D35="","스킬ID 비었음",IF(COUNTIF($D$3:$D$170,$D35)>1,"스킬ID 중복",IF(AND($G35<>"",$F35=""),"여 스케일도 필요",IF(AND($K35<>"",ISNA(MATCH($K35,$D$3:$D$170,0))),"선행스킬1 없음",IF(AND($L35<>"",ISNA(MATCH($L35,$D$3:$D$170,0))),"선행스킬2 없음",IF(AND($N35<>"",ISNA(MATCH($N35,$D$3:$D$170,0))),"타계열선행 없음","OK"))))))))) -> OK | T35: 9H-C | U35: 9도 쉬고 내려오기 | V35: 흉성~휘슬
A36: 중음 | B36: 2 | C36: 3 | D36: M2-3 | E36: 립트릴 | F36: 5D-B | H36: =IF($F36="","",IF($G36="",IFERROR(INDEX(참조_스케일목록!$B:$B,MATCH($F36,참조_스케일목록!$A:$A,0))&" ("&INDEX(참조_스케일목록!$C:$C,MATCH($F36,참조_스케일목록!$A:$A,0))&")","※없는 ID"),"여 "&IFERROR(INDEX(참조_스케일목록!$B:$B,MATCH($F36,참조_스케일목록!$A:$A,0))&" ("&INDEX(참조_스케일목록!$C:$C,MATCH($F36,참조_스케일목록!$A:$A,0))&")","※없는 ID")&" / 남 "&IFERROR(INDEX(참조_스케일목록!$B:$B,MATCH($G36,참조_스케일목록!$A:$A,0))&" ("&INDEX(참조_스케일목록!$C:$C,MATCH($G36,참조_스케일목록!$A:$A,0))&")","※없는 ID"))) -> 5도 스케일 (흉성~낮은두성) | I36: 1 | J36: 7 | P36: 공개 | R36: =IF($A36="","",IF(AND($C36<>"",OR($C36<1,$C36>5,MOD($C36*2,1)<>0)),"자리는 1~5 (0.5단위)",IF(COUNTIFS($A$3:$A$170,$A36,$B$3:$B$170,$B36,$C$3:$C$170,$C36)>1,"같은 자리 중복",IF($D36="","스킬ID 비었음",IF(COUNTIF($D$3:$D$170,$D36)>1,"스킬ID 중복",IF(AND($G36<>"",$F36=""),"여 스케일도 필요",IF(AND($K36<>"",ISNA(MATCH($K36,$D$3:$D$170,0))),"선행스킬1 없음",IF(AND($L36<>"",ISNA(MATCH($L36,$D$3:$D$170,0))),"선행스킬2 없음",IF(AND($N36<>"",ISNA(MATCH($N36,$D$3:$D$170,0))),"타계열선행 없음","OK"))))))))) -> OK | T36: 5DN-A | U36: 5도 하향 스케일 | V36: 흉성(여자) | X36: 31 | Y36: 강한 후우
A37: 중음 | B37: 2 | C37: 4 | D37: M2-4 | H37: =IF($F37="","",IF($G37="",IFERROR(INDEX(참조_스케일목록!$B:$B,MATCH($F37,참조_스케일목록!$A:$A,0))&" ("&INDEX(참조_스케일목록!$C:$C,MATCH($F37,참조_스케일목록!$A:$A,0))&")","※없는 ID"),"여 "&IFERROR(INDEX(참조_스케일목록!$B:$B,MATCH($F37,참조_스케일목록!$A:$A,0))&" ("&INDEX(참조_스케일목록!$C:$C,MATCH($F37,참조_스케일목록!$A:$A,0))&")","※없는 ID")&" / 남 "&IFERROR(INDEX(참조_스케일목록!$B:$B,MATCH($G37,참조_스케일목록!$A:$A,0))&" ("&INDEX(참조_스케일목록!$C:$C,MATCH($G37,참조_스케일목록!$A:$A,0))&")","※없는 ID"))) | P37: 공개 | R37: =IF($A37="","",IF(AND($C37<>"",OR($C37<1,$C37>5,MOD($C37*2,1)<>0)),"자리는 1~5 (0.5단위)",IF(COUNTIFS($A$3:$A$170,$A37,$B$3:$B$170,$B37,$C$3:$C$170,$C37)>1,"같은 자리 중복",IF($D37="","스킬ID 비었음",IF(COUNTIF($D$3:$D$170,$D37)>1,"스킬ID 중복",IF(AND($G37<>"",$F37=""),"여 스케일도 필요",IF(AND($K37<>"",ISNA(MATCH($K37,$D$3:$D$170,0))),"선행스킬1 없음",IF(AND($L37<>"",ISNA(MATCH($L37,$D$3:$D$170,0))),"선행스킬2 없음",IF(AND($N37<>"",ISNA(MATCH($N37,$D$3:$D$170,0))),"타계열선행 없음","OK"))))))))) -> OK | T37: 5DN-H | U37: 5도 하향 스케일 | V37: 흉성(남자)
A38: 중음 | B38: 2 | C38: 5 | D38: M2-5 | E38: Z 소리내기 | F38: 3D-E | G38: 3D-F | H38: =IF($F38="","",IF($G38="",IFERROR(INDEX(참조_스케일목록!$B:$B,MATCH($F38,참조_스케일목록!$A:$A,0))&" ("&INDEX(참조_스케일목록!$C:$C,MATCH($F38,참조_스케일목록!$A:$A,0))&")","※없는 ID"),"여 "&IFERROR(INDEX(참조_스케일목록!$B:$B,MATCH($F38,참조_스케일목록!$A:$A,0))&" ("&INDEX(참조_스케일목록!$C:$C,MATCH($F38,참조_스케일목록!$A:$A,0))&")","※없는 ID")&" / 남 "&IFERROR(INDEX(참조_스케일목록!$B:$B,MATCH($G38,참조_스케일목록!$A:$A,0))&" ("&INDEX(참조_스케일목록!$C:$C,MATCH($G38,참조_스케일목록!$A:$A,0))&")","※없는 ID"))) -> 여 3도 스케일 (낮은중성) / 남 3도 스케일 (높은중성) | I38: 1 | J38: 7 | K38: M1-3 | P38: 공개 | R38: =IF($A38="","",IF(AND($C38<>"",OR($C38<1,$C38>5,MOD($C38*2,1)<>0)),"자리는 1~5 (0.5단위)",IF(COUNTIFS($A$3:$A$170,$A38,$B$3:$B$170,$B38,$C$3:$C$170,$C38)>1,"같은 자리 중복",IF($D38="","스킬ID 비었음",IF(COUNTIF($D$3:$D$170,$D38)>1,"스킬ID 중복",IF(AND($G38<>"",$F38=""),"여 스케일도 필요",IF(AND($K38<>"",ISNA(MATCH($K38,$D$3:$D$170,0))),"선행스킬1 없음",IF(AND($L38<>"",ISNA(MATCH($L38,$D$3:$D$170,0))),"선행스킬2 없음",IF(AND($N38<>"",ISNA(MATCH($N38,$D$3:$D$170,0))),"타계열선행 없음","OK"))))))))) -> OK | T38: 5DN-B | U38: 5도 하향 스케일 | V38: 흉성~높은두성
A39: 중음 | B39: 3 | C39: 1 | D39: M3-1 | E39: 오픈 허밍 1번 | F39: 5H-G | G39: 5H-H | H39: =IF($F39="","",IF($G39="",IFERROR(INDEX(참조_스케일목록!$B:$B,MATCH($F39,참조_스케일목록!$A:$A,0))&" ("&INDEX(참조_스케일목록!$C:$C,MATCH($F39,참조_스케일목록!$A:$A,0))&")","※없는 ID"),"여 "&IFERROR(INDEX(참조_스케일목록!$B:$B,MATCH($F39,참조_스케일목록!$A:$A,0))&" ("&INDEX(참조_스케일목록!$C:$C,MATCH($F39,참조_스케일목록!$A:$A,0))&")","※없는 ID")&" / 남 "&IFERROR(INDEX(참조_스케일목록!$B:$B,MATCH($G39,참조_스케일목록!$A:$A,0))&" ("&INDEX(참조_스케일목록!$C:$C,MATCH($G39,참조_스케일목록!$A:$A,0))&")","※없는 ID"))) -> 여 5도 쉬고 내려오기 (중성~낮은중성) / 남 5도 쉬고 내려오기 (중성~높은중성) | I39: 1 | J39: 7 | P39: 준비중 | R39: =IF($A39="","",IF(AND($C39<>"",OR($C39<1,$C39>5,MOD($C39*2,1)<>0)),"자리는 1~5 (0.5단위)",IF(COUNTIFS($A$3:$A$170,$A39,$B$3:$B$170,$B39,$C$3:$C$170,$C39)>1,"같은 자리 중복",IF($D39="","스킬ID 비었음",IF(COUNTIF($D$3:$D$170,$D39)>1,"스킬ID 중복",IF(AND($G39<>"",$F39=""),"여 스케일도 필요",IF(AND($K39<>"",ISNA(MATCH($K39,$D$3:$D$170,0))),"선행스킬1 없음",IF(AND($L39<>"",ISNA(MATCH($L39,$D$3:$D$170,0))),"선행스킬2 없음",IF(AND($N39<>"",ISNA(MATCH($N39,$D$3:$D$170,0))),"타계열선행 없음","OK"))))))))) -> OK | T39: 5DN-F | U39: 5도 하향 스케일 | V39: 중성~낮은중성
A40: 중음 | B40: 3 | C40: 2 | D40: M3-2 | H40: =IF($F40="","",IF($G40="",IFERROR(INDEX(참조_스케일목록!$B:$B,MATCH($F40,참조_스케일목록!$A:$A,0))&" ("&INDEX(참조_스케일목록!$C:$C,MATCH($F40,참조_스케일목록!$A:$A,0))&")","※없는 ID"),"여 "&IFERROR(INDEX(참조_스케일목록!$B:$B,MATCH($F40,참조_스케일목록!$A:$A,0))&" ("&INDEX(참조_스케일목록!$C:$C,MATCH($F40,참조_스케일목록!$A:$A,0))&")","※없는 ID")&" / 남 "&IFERROR(INDEX(참조_스케일목록!$B:$B,MATCH($G40,참조_스케일목록!$A:$A,0))&" ("&INDEX(참조_스케일목록!$C:$C,MATCH($G40,참조_스케일목록!$A:$A,0))&")","※없는 ID"))) | P40: 준비중 | R40: =IF($A40="","",IF(AND($C40<>"",OR($C40<1,$C40>5,MOD($C40*2,1)<>0)),"자리는 1~5 (0.5단위)",IF(COUNTIFS($A$3:$A$170,$A40,$B$3:$B$170,$B40,$C$3:$C$170,$C40)>1,"같은 자리 중복",IF($D40="","스킬ID 비었음",IF(COUNTIF($D$3:$D$170,$D40)>1,"스킬ID 중복",IF(AND($G40<>"",$F40=""),"여 스케일도 필요",IF(AND($K40<>"",ISNA(MATCH($K40,$D$3:$D$170,0))),"선행스킬1 없음",IF(AND($L40<>"",ISNA(MATCH($L40,$D$3:$D$170,0))),"선행스킬2 없음",IF(AND($N40<>"",ISNA(MATCH($N40,$D$3:$D$170,0))),"타계열선행 없음","OK"))))))))) -> OK | T40: 5DN-G | U40: 5도 하향 스케일 | V40: 중성~높은중성 | X40: 32 | Y40: 아~아~아~
A41: 중음 | B41: 3 | C41: 3 | D41: M3-3 | H41: =IF($F41="","",IF($G41="",IFERROR(INDEX(참조_스케일목록!$B:$B,MATCH($F41,참조_스케일목록!$A:$A,0))&" ("&INDEX(참조_스케일목록!$C:$C,MATCH($F41,참조_스케일목록!$A:$A,0))&")","※없는 ID"),"여 "&IFERROR(INDEX(참조_스케일목록!$B:$B,MATCH($F41,참조_스케일목록!$A:$A,0))&" ("&INDEX(참조_스케일목록!$C:$C,MATCH($F41,참조_스케일목록!$A:$A,0))&")","※없는 ID")&" / 남 "&IFERROR(INDEX(참조_스케일목록!$B:$B,MATCH($G41,참조_스케일목록!$A:$A,0))&" ("&INDEX(참조_스케일목록!$C:$C,MATCH($G41,참조_스케일목록!$A:$A,0))&")","※없는 ID"))) | P41: 준비중 | R41: =IF($A41="","",IF(AND($C41<>"",OR($C41<1,$C41>5,MOD($C41*2,1)<>0)),"자리는 1~5 (0.5단위)",IF(COUNTIFS($A$3:$A$170,$A41,$B$3:$B$170,$B41,$C$3:$C$170,$C41)>1,"같은 자리 중복",IF($D41="","스킬ID 비었음",IF(COUNTIF($D$3:$D$170,$D41)>1,"스킬ID 중복",IF(AND($G41<>"",$F41=""),"여 스케일도 필요",IF(AND($K41<>"",ISNA(MATCH($K41,$D$3:$D$170,0))),"선행스킬1 없음",IF(AND($L41<>"",ISNA(MATCH($L41,$D$3:$D$170,0))),"선행스킬2 없음",IF(AND($N41<>"",ISNA(MATCH($N41,$D$3:$D$170,0))),"타계열선행 없음","OK"))))))))) -> OK | T41: 5DN-C | U41: 5도 하향 스케일 | V41: 중성~낮은두성
A42: 중음 | B42: 3 | C42: 4 | D42: M3-4 | H42: =IF($F42="","",IF($G42="",IFERROR(INDEX(참조_스케일목록!$B:$B,MATCH($F42,참조_스케일목록!$A:$A,0))&" ("&INDEX(참조_스케일목록!$C:$C,MATCH($F42,참조_스케일목록!$A:$A,0))&")","※없는 ID"),"여 "&IFERROR(INDEX(참조_스케일목록!$B:$B,MATCH($F42,참조_스케일목록!$A:$A,0))&" ("&INDEX(참조_스케일목록!$C:$C,MATCH($F42,참조_스케일목록!$A:$A,0))&")","※없는 ID")&" / 남 "&IFERROR(INDEX(참조_스케일목록!$B:$B,MATCH($G42,참조_스케일목록!$A:$A,0))&" ("&INDEX(참조_스케일목록!$C:$C,MATCH($G42,참조_스케일목록!$A:$A,0))&")","※없는 ID"))) | P42: 준비중 | R42: =IF($A42="","",IF(AND($C42<>"",OR($C42<1,$C42>5,MOD($C42*2,1)<>0)),"자리는 1~5 (0.5단위)",IF(COUNTIFS($A$3:$A$170,$A42,$B$3:$B$170,$B42,$C$3:$C$170,$C42)>1,"같은 자리 중복",IF($D42="","스킬ID 비었음",IF(COUNTIF($D$3:$D$170,$D42)>1,"스킬ID 중복",IF(AND($G42<>"",$F42=""),"여 스케일도 필요",IF(AND($K42<>"",ISNA(MATCH($K42,$D$3:$D$170,0))),"선행스킬1 없음",IF(AND($L42<>"",ISNA(MATCH($L42,$D$3:$D$170,0))),"선행스킬2 없음",IF(AND($N42<>"",ISNA(MATCH($N42,$D$3:$D$170,0))),"타계열선행 없음","OK"))))))))) -> OK | T42: 5DN-D | U42: 5도 하향 스케일 | V42: 중성~높은두성 | X42: 33 | Y42: 강한 아~아~아~
A43: 중음 | B43: 3 | C43: 5 | D43: M3-5 | H43: =IF($F43="","",IF($G43="",IFERROR(INDEX(참조_스케일목록!$B:$B,MATCH($F43,참조_스케일목록!$A:$A,0))&" ("&INDEX(참조_스케일목록!$C:$C,MATCH($F43,참조_스케일목록!$A:$A,0))&")","※없는 ID"),"여 "&IFERROR(INDEX(참조_스케일목록!$B:$B,MATCH($F43,참조_스케일목록!$A:$A,0))&" ("&INDEX(참조_스케일목록!$C:$C,MATCH($F43,참조_스케일목록!$A:$A,0))&")","※없는 ID")&" / 남 "&IFERROR(INDEX(참조_스케일목록!$B:$B,MATCH($G43,참조_스케일목록!$A:$A,0))&" ("&INDEX(참조_스케일목록!$C:$C,MATCH($G43,참조_스케일목록!$A:$A,0))&")","※없는 ID"))) | P43: 준비중 | R43: =IF($A43="","",IF(AND($C43<>"",OR($C43<1,$C43>5,MOD($C43*2,1)<>0)),"자리는 1~5 (0.5단위)",IF(COUNTIFS($A$3:$A$170,$A43,$B$3:$B$170,$B43,$C$3:$C$170,$C43)>1,"같은 자리 중복",IF($D43="","스킬ID 비었음",IF(COUNTIF($D$3:$D$170,$D43)>1,"스킬ID 중복",IF(AND($G43<>"",$F43=""),"여 스케일도 필요",IF(AND($K43<>"",ISNA(MATCH($K43,$D$3:$D$170,0))),"선행스킬1 없음",IF(AND($L43<>"",ISNA(MATCH($L43,$D$3:$D$170,0))),"선행스킬2 없음",IF(AND($N43<>"",ISNA(MATCH($N43,$D$3:$D$170,0))),"타계열선행 없음","OK"))))))))) -> OK | T43: 5DN-E | U43: 5도 하향 스케일 | V43: 중성~휘슬
A44: 중음 | B44: 4 | C44: 1 | D44: M4-1 | E44: 오픈 허밍 2번 | F44: 5H-H | H44: =IF($F44="","",IF($G44="",IFERROR(INDEX(참조_스케일목록!$B:$B,MATCH($F44,참조_스케일목록!$A:$A,0))&" ("&INDEX(참조_스케일목록!$C:$C,MATCH($F44,참조_스케일목록!$A:$A,0))&")","※없는 ID"),"여 "&IFERROR(INDEX(참조_스케일목록!$B:$B,MATCH($F44,참조_스케일목록!$A:$A,0))&" ("&INDEX(참조_스케일목록!$C:$C,MATCH($F44,참조_스케일목록!$A:$A,0))&")","※없는 ID")&" / 남 "&IFERROR(INDEX(참조_스케일목록!$B:$B,MATCH($G44,참조_스케일목록!$A:$A,0))&" ("&INDEX(참조_스케일목록!$C:$C,MATCH($G44,참조_스케일목록!$A:$A,0))&")","※없는 ID"))) -> 5도 쉬고 내려오기 (중성~높은중성) | I44: 1 | J44: 7 | P44: 준비중 | R44: =IF($A44="","",IF(AND($C44<>"",OR($C44<1,$C44>5,MOD($C44*2,1)<>0)),"자리는 1~5 (0.5단위)",IF(COUNTIFS($A$3:$A$170,$A44,$B$3:$B$170,$B44,$C$3:$C$170,$C44)>1,"같은 자리 중복",IF($D44="","스킬ID 비었음",IF(COUNTIF($D$3:$D$170,$D44)>1,"스킬ID 중복",IF(AND($G44<>"",$F44=""),"여 스케일도 필요",IF(AND($K44<>"",ISNA(MATCH($K44,$D$3:$D$170,0))),"선행스킬1 없음",IF(AND($L44<>"",ISNA(MATCH($L44,$D$3:$D$170,0))),"선행스킬2 없음",IF(AND($N44<>"",ISNA(MATCH($N44,$D$3:$D$170,0))),"타계열선행 없음","OK"))))))))) -> OK | T44: 5DUD-A | U44: 5도 하향~상향~하향 스케일 | V44: 흉성(여자)
A45: 중음 | B45: 4 | C45: 2 | D45: M4-2 | H45: =IF($F45="","",IF($G45="",IFERROR(INDEX(참조_스케일목록!$B:$B,MATCH($F45,참조_스케일목록!$A:$A,0))&" ("&INDEX(참조_스케일목록!$C:$C,MATCH($F45,참조_스케일목록!$A:$A,0))&")","※없는 ID"),"여 "&IFERROR(INDEX(참조_스케일목록!$B:$B,MATCH($F45,참조_스케일목록!$A:$A,0))&" ("&INDEX(참조_스케일목록!$C:$C,MATCH($F45,참조_스케일목록!$A:$A,0))&")","※없는 ID")&" / 남 "&IFERROR(INDEX(참조_스케일목록!$B:$B,MATCH($G45,참조_스케일목록!$A:$A,0))&" ("&INDEX(참조_스케일목록!$C:$C,MATCH($G45,참조_스케일목록!$A:$A,0))&")","※없는 ID"))) | P45: 준비중 | R45: =IF($A45="","",IF(AND($C45<>"",OR($C45<1,$C45>5,MOD($C45*2,1)<>0)),"자리는 1~5 (0.5단위)",IF(COUNTIFS($A$3:$A$170,$A45,$B$3:$B$170,$B45,$C$3:$C$170,$C45)>1,"같은 자리 중복",IF($D45="","스킬ID 비었음",IF(COUNTIF($D$3:$D$170,$D45)>1,"스킬ID 중복",IF(AND($G45<>"",$F45=""),"여 스케일도 필요",IF(AND($K45<>"",ISNA(MATCH($K45,$D$3:$D$170,0))),"선행스킬1 없음",IF(AND($L45<>"",ISNA(MATCH($L45,$D$3:$D$170,0))),"선행스킬2 없음",IF(AND($N45<>"",ISNA(MATCH($N45,$D$3:$D$170,0))),"타계열선행 없음","OK"))))))))) -> OK | T45: 5DUD-H | U45: 5도 하향~상향~하향 스케일 | V45: 흉성(남자)
A46: 중음 | B46: 4 | C46: 3 | D46: M4-3 | H46: =IF($F46="","",IF($G46="",IFERROR(INDEX(참조_스케일목록!$B:$B,MATCH($F46,참조_스케일목록!$A:$A,0))&" ("&INDEX(참조_스케일목록!$C:$C,MATCH($F46,참조_스케일목록!$A:$A,0))&")","※없는 ID"),"여 "&IFERROR(INDEX(참조_스케일목록!$B:$B,MATCH($F46,참조_스케일목록!$A:$A,0))&" ("&INDEX(참조_스케일목록!$C:$C,MATCH($F46,참조_스케일목록!$A:$A,0))&")","※없는 ID")&" / 남 "&IFERROR(INDEX(참조_스케일목록!$B:$B,MATCH($G46,참조_스케일목록!$A:$A,0))&" ("&INDEX(참조_스케일목록!$C:$C,MATCH($G46,참조_스케일목록!$A:$A,0))&")","※없는 ID"))) | P46: 준비중 | R46: =IF($A46="","",IF(AND($C46<>"",OR($C46<1,$C46>5,MOD($C46*2,1)<>0)),"자리는 1~5 (0.5단위)",IF(COUNTIFS($A$3:$A$170,$A46,$B$3:$B$170,$B46,$C$3:$C$170,$C46)>1,"같은 자리 중복",IF($D46="","스킬ID 비었음",IF(COUNTIF($D$3:$D$170,$D46)>1,"스킬ID 중복",IF(AND($G46<>"",$F46=""),"여 스케일도 필요",IF(AND($K46<>"",ISNA(MATCH($K46,$D$3:$D$170,0))),"선행스킬1 없음",IF(AND($L46<>"",ISNA(MATCH($L46,$D$3:$D$170,0))),"선행스킬2 없음",IF(AND($N46<>"",ISNA(MATCH($N46,$D$3:$D$170,0))),"타계열선행 없음","OK"))))))))) -> OK | T46: 5DUD-B | U46: 5도 하향~상향~하향 스케일 | V46: 흉성~높은두성 | X46: 34 | Y46: 강한 아(앞)
A47: 중음 | B47: 4 | C47: 4 | D47: M4-4 | H47: =IF($F47="","",IF($G47="",IFERROR(INDEX(참조_스케일목록!$B:$B,MATCH($F47,참조_스케일목록!$A:$A,0))&" ("&INDEX(참조_스케일목록!$C:$C,MATCH($F47,참조_스케일목록!$A:$A,0))&")","※없는 ID"),"여 "&IFERROR(INDEX(참조_스케일목록!$B:$B,MATCH($F47,참조_스케일목록!$A:$A,0))&" ("&INDEX(참조_스케일목록!$C:$C,MATCH($F47,참조_스케일목록!$A:$A,0))&")","※없는 ID")&" / 남 "&IFERROR(INDEX(참조_스케일목록!$B:$B,MATCH($G47,참조_스케일목록!$A:$A,0))&" ("&INDEX(참조_스케일목록!$C:$C,MATCH($G47,참조_스케일목록!$A:$A,0))&")","※없는 ID"))) | P47: 준비중 | R47: =IF($A47="","",IF(AND($C47<>"",OR($C47<1,$C47>5,MOD($C47*2,1)<>0)),"자리는 1~5 (0.5단위)",IF(COUNTIFS($A$3:$A$170,$A47,$B$3:$B$170,$B47,$C$3:$C$170,$C47)>1,"같은 자리 중복",IF($D47="","스킬ID 비었음",IF(COUNTIF($D$3:$D$170,$D47)>1,"스킬ID 중복",IF(AND($G47<>"",$F47=""),"여 스케일도 필요",IF(AND($K47<>"",ISNA(MATCH($K47,$D$3:$D$170,0))),"선행스킬1 없음",IF(AND($L47<>"",ISNA(MATCH($L47,$D$3:$D$170,0))),"선행스킬2 없음",IF(AND($N47<>"",ISNA(MATCH($N47,$D$3:$D$170,0))),"타계열선행 없음","OK"))))))))) -> OK | T47: 5DUD-F | U47: 5도 하향~상향~하향 스케일 | V47: 중성~낮은중성
A48: 중음 | B48: 4 | C48: 5 | D48: M4-5 | H48: =IF($F48="","",IF($G48="",IFERROR(INDEX(참조_스케일목록!$B:$B,MATCH($F48,참조_스케일목록!$A:$A,0))&" ("&INDEX(참조_스케일목록!$C:$C,MATCH($F48,참조_스케일목록!$A:$A,0))&")","※없는 ID"),"여 "&IFERROR(INDEX(참조_스케일목록!$B:$B,MATCH($F48,참조_스케일목록!$A:$A,0))&" ("&INDEX(참조_스케일목록!$C:$C,MATCH($F48,참조_스케일목록!$A:$A,0))&")","※없는 ID")&" / 남 "&IFERROR(INDEX(참조_스케일목록!$B:$B,MATCH($G48,참조_스케일목록!$A:$A,0))&" ("&INDEX(참조_스케일목록!$C:$C,MATCH($G48,참조_스케일목록!$A:$A,0))&")","※없는 ID"))) | P48: 준비중 | R48: =IF($A48="","",IF(AND($C48<>"",OR($C48<1,$C48>5,MOD($C48*2,1)<>0)),"자리는 1~5 (0.5단위)",IF(COUNTIFS($A$3:$A$170,$A48,$B$3:$B$170,$B48,$C$3:$C$170,$C48)>1,"같은 자리 중복",IF($D48="","스킬ID 비었음",IF(COUNTIF($D$3:$D$170,$D48)>1,"스킬ID 중복",IF(AND($G48<>"",$F48=""),"여 스케일도 필요",IF(AND($K48<>"",ISNA(MATCH($K48,$D$3:$D$170,0))),"선행스킬1 없음",IF(AND($L48<>"",ISNA(MATCH($L48,$D$3:$D$170,0))),"선행스킬2 없음",IF(AND($N48<>"",ISNA(MATCH($N48,$D$3:$D$170,0))),"타계열선행 없음","OK"))))))))) -> OK | T48: 5DUD-G | U48: 5도 하향~상향~하향 스케일 | V48: 중성~높은중성
A49: 고음 | B49: 1 | C49: 1 | D49: H1-1 | H49: =IF($F49="","",IF($G49="",IFERROR(INDEX(참조_스케일목록!$B:$B,MATCH($F49,참조_스케일목록!$A:$A,0))&" ("&INDEX(참조_스케일목록!$C:$C,MATCH($F49,참조_스케일목록!$A:$A,0))&")","※없는 ID"),"여 "&IFERROR(INDEX(참조_스케일목록!$B:$B,MATCH($F49,참조_스케일목록!$A:$A,0))&" ("&INDEX(참조_스케일목록!$C:$C,MATCH($F49,참조_스케일목록!$A:$A,0))&")","※없는 ID")&" / 남 "&IFERROR(INDEX(참조_스케일목록!$B:$B,MATCH($G49,참조_스케일목록!$A:$A,0))&" ("&INDEX(참조_스케일목록!$C:$C,MATCH($G49,참조_스케일목록!$A:$A,0))&")","※없는 ID"))) | P49: 준비중 | R49: =IF($A49="","",IF(AND($C49<>"",OR($C49<1,$C49>5,MOD($C49*2,1)<>0)),"자리는 1~5 (0.5단위)",IF(COUNTIFS($A$3:$A$170,$A49,$B$3:$B$170,$B49,$C$3:$C$170,$C49)>1,"같은 자리 중복",IF($D49="","스킬ID 비었음",IF(COUNTIF($D$3:$D$170,$D49)>1,"스킬ID 중복",IF(AND($G49<>"",$F49=""),"여 스케일도 필요",IF(AND($K49<>"",ISNA(MATCH($K49,$D$3:$D$170,0))),"선행스킬1 없음",IF(AND($L49<>"",ISNA(MATCH($L49,$D$3:$D$170,0))),"선행스킬2 없음",IF(AND($N49<>"",ISNA(MATCH($N49,$D$3:$D$170,0))),"타계열선행 없음","OK"))))))))) -> OK | T49: 5DUD-C | U49: 5도 하향~상향~하향 스케일 | V49: 중성~낮은두성
A50: 고음 | B50: 1 | C50: 2 | D50: H1-2 | H50: =IF($F50="","",IF($G50="",IFERROR(INDEX(참조_스케일목록!$B:$B,MATCH($F50,참조_스케일목록!$A:$A,0))&" ("&INDEX(참조_스케일목록!$C:$C,MATCH($F50,참조_스케일목록!$A:$A,0))&")","※없는 ID"),"여 "&IFERROR(INDEX(참조_스케일목록!$B:$B,MATCH($F50,참조_스케일목록!$A:$A,0))&" ("&INDEX(참조_스케일목록!$C:$C,MATCH($F50,참조_스케일목록!$A:$A,0))&")","※없는 ID")&" / 남 "&IFERROR(INDEX(참조_스케일목록!$B:$B,MATCH($G50,참조_스케일목록!$A:$A,0))&" ("&INDEX(참조_스케일목록!$C:$C,MATCH($G50,참조_스케일목록!$A:$A,0))&")","※없는 ID"))) | P50: 준비중 | R50: =IF($A50="","",IF(AND($C50<>"",OR($C50<1,$C50>5,MOD($C50*2,1)<>0)),"자리는 1~5 (0.5단위)",IF(COUNTIFS($A$3:$A$170,$A50,$B$3:$B$170,$B50,$C$3:$C$170,$C50)>1,"같은 자리 중복",IF($D50="","스킬ID 비었음",IF(COUNTIF($D$3:$D$170,$D50)>1,"스킬ID 중복",IF(AND($G50<>"",$F50=""),"여 스케일도 필요",IF(AND($K50<>"",ISNA(MATCH($K50,$D$3:$D$170,0))),"선행스킬1 없음",IF(AND($L50<>"",ISNA(MATCH($L50,$D$3:$D$170,0))),"선행스킬2 없음",IF(AND($N50<>"",ISNA(MATCH($N50,$D$3:$D$170,0))),"타계열선행 없음","OK"))))))))) -> OK | T50: 5DUD-D | U50: 5도 하향~상향~하향 스케일 | V50: 중성~높은두성
A51: 고음 | B51: 1 | C51: 3 | D51: H1-3 | E51: 허밍 1번 | F51: 5H-G | G51: 5H-H | H51: =IF($F51="","",IF($G51="",IFERROR(INDEX(참조_스케일목록!$B:$B,MATCH($F51,참조_스케일목록!$A:$A,0))&" ("&INDEX(참조_스케일목록!$C:$C,MATCH($F51,참조_스케일목록!$A:$A,0))&")","※없는 ID"),"여 "&IFERROR(INDEX(참조_스케일목록!$B:$B,MATCH($F51,참조_스케일목록!$A:$A,0))&" ("&INDEX(참조_스케일목록!$C:$C,MATCH($F51,참조_스케일목록!$A:$A,0))&")","※없는 ID")&" / 남 "&IFERROR(INDEX(참조_스케일목록!$B:$B,MATCH($G51,참조_스케일목록!$A:$A,0))&" ("&INDEX(참조_스케일목록!$C:$C,MATCH($G51,참조_스케일목록!$A:$A,0))&")","※없는 ID"))) -> 여 5도 쉬고 내려오기 (중성~낮은중성) / 남 5도 쉬고 내려오기 (중성~높은중성) | I51: 1 | J51: 7 | O51: 13 | P51: 공개 | R51: =IF($A51="","",IF(AND($C51<>"",OR($C51<1,$C51>5,MOD($C51*2,1)<>0)),"자리는 1~5 (0.5단위)",IF(COUNTIFS($A$3:$A$170,$A51,$B$3:$B$170,$B51,$C$3:$C$170,$C51)>1,"같은 자리 중복",IF($D51="","스킬ID 비었음",IF(COUNTIF($D$3:$D$170,$D51)>1,"스킬ID 중복",IF(AND($G51<>"",$F51=""),"여 스케일도 필요",IF(AND($K51<>"",ISNA(MATCH($K51,$D$3:$D$170,0))),"선행스킬1 없음",IF(AND($L51<>"",ISNA(MATCH($L51,$D$3:$D$170,0))),"선행스킬2 없음",IF(AND($N51<>"",ISNA(MATCH($N51,$D$3:$D$170,0))),"타계열선행 없음","OK"))))))))) -> OK | T51: 5DUD-E | U51: 5도 하향~상향~하향 스케일 | V51: 중성~휘슬 | X51: 35 | Y51: 강한 아
A52: 고음 | B52: 1 | C52: 4 | D52: H1-4 | H52: =IF($F52="","",IF($G52="",IFERROR(INDEX(참조_스케일목록!$B:$B,MATCH($F52,참조_스케일목록!$A:$A,0))&" ("&INDEX(참조_스케일목록!$C:$C,MATCH($F52,참조_스케일목록!$A:$A,0))&")","※없는 ID"),"여 "&IFERROR(INDEX(참조_스케일목록!$B:$B,MATCH($F52,참조_스케일목록!$A:$A,0))&" ("&INDEX(참조_스케일목록!$C:$C,MATCH($F52,참조_스케일목록!$A:$A,0))&")","※없는 ID")&" / 남 "&IFERROR(INDEX(참조_스케일목록!$B:$B,MATCH($G52,참조_스케일목록!$A:$A,0))&" ("&INDEX(참조_스케일목록!$C:$C,MATCH($G52,참조_스케일목록!$A:$A,0))&")","※없는 ID"))) | P52: 준비중 | R52: =IF($A52="","",IF(AND($C52<>"",OR($C52<1,$C52>5,MOD($C52*2,1)<>0)),"자리는 1~5 (0.5단위)",IF(COUNTIFS($A$3:$A$170,$A52,$B$3:$B$170,$B52,$C$3:$C$170,$C52)>1,"같은 자리 중복",IF($D52="","스킬ID 비었음",IF(COUNTIF($D$3:$D$170,$D52)>1,"스킬ID 중복",IF(AND($G52<>"",$F52=""),"여 스케일도 필요",IF(AND($K52<>"",ISNA(MATCH($K52,$D$3:$D$170,0))),"선행스킬1 없음",IF(AND($L52<>"",ISNA(MATCH($L52,$D$3:$D$170,0))),"선행스킬2 없음",IF(AND($N52<>"",ISNA(MATCH($N52,$D$3:$D$170,0))),"타계열선행 없음","OK"))))))))) -> OK | T52: 5DNH-A | U52: 5도 홀드 하향 스케일 | V52: 흉성(여자)
A53: 고음 | B53: 1 | C53: 5 | D53: H1-5 | H53: =IF($F53="","",IF($G53="",IFERROR(INDEX(참조_스케일목록!$B:$B,MATCH($F53,참조_스케일목록!$A:$A,0))&" ("&INDEX(참조_스케일목록!$C:$C,MATCH($F53,참조_스케일목록!$A:$A,0))&")","※없는 ID"),"여 "&IFERROR(INDEX(참조_스케일목록!$B:$B,MATCH($F53,참조_스케일목록!$A:$A,0))&" ("&INDEX(참조_스케일목록!$C:$C,MATCH($F53,참조_스케일목록!$A:$A,0))&")","※없는 ID")&" / 남 "&IFERROR(INDEX(참조_스케일목록!$B:$B,MATCH($G53,참조_스케일목록!$A:$A,0))&" ("&INDEX(참조_스케일목록!$C:$C,MATCH($G53,참조_스케일목록!$A:$A,0))&")","※없는 ID"))) | P53: 준비중 | R53: =IF($A53="","",IF(AND($C53<>"",OR($C53<1,$C53>5,MOD($C53*2,1)<>0)),"자리는 1~5 (0.5단위)",IF(COUNTIFS($A$3:$A$170,$A53,$B$3:$B$170,$B53,$C$3:$C$170,$C53)>1,"같은 자리 중복",IF($D53="","스킬ID 비었음",IF(COUNTIF($D$3:$D$170,$D53)>1,"스킬ID 중복",IF(AND($G53<>"",$F53=""),"여 스케일도 필요",IF(AND($K53<>"",ISNA(MATCH($K53,$D$3:$D$170,0))),"선행스킬1 없음",IF(AND($L53<>"",ISNA(MATCH($L53,$D$3:$D$170,0))),"선행스킬2 없음",IF(AND($N53<>"",ISNA(MATCH($N53,$D$3:$D$170,0))),"타계열선행 없음","OK"))))))))) -> OK | T53: 5DNH-H | U53: 5도 홀드 하향 스케일 | V53: 흉성(남자)
A54: 고음 | B54: 2 | C54: 1 | D54: H2-1 | E54: 립트릴 1번 | F54: 9D-B | G54: 9D-C | H54: =IF($F54="","",IF($G54="",IFERROR(INDEX(참조_스케일목록!$B:$B,MATCH($F54,참조_스케일목록!$A:$A,0))&" ("&INDEX(참조_스케일목록!$C:$C,MATCH($F54,참조_스케일목록!$A:$A,0))&")","※없는 ID"),"여 "&IFERROR(INDEX(참조_스케일목록!$B:$B,MATCH($F54,참조_스케일목록!$A:$A,0))&" ("&INDEX(참조_스케일목록!$C:$C,MATCH($F54,참조_스케일목록!$A:$A,0))&")","※없는 ID")&" / 남 "&IFERROR(INDEX(참조_스케일목록!$B:$B,MATCH($G54,참조_스케일목록!$A:$A,0))&" ("&INDEX(참조_스케일목록!$C:$C,MATCH($G54,참조_스케일목록!$A:$A,0))&")","※없는 ID"))) -> 여 9도 스케일 (흉성~높은두성) / 남 9도 스케일 (흉성~휘슬) | I54: 1 | J54: 7 | K54: H1-3 | P54: 공개 | R54: =IF($A54="","",IF(AND($C54<>"",OR($C54<1,$C54>5,MOD($C54*2,1)<>0)),"자리는 1~5 (0.5단위)",IF(COUNTIFS($A$3:$A$170,$A54,$B$3:$B$170,$B54,$C$3:$C$170,$C54)>1,"같은 자리 중복",IF($D54="","스킬ID 비었음",IF(COUNTIF($D$3:$D$170,$D54)>1,"스킬ID 중복",IF(AND($G54<>"",$F54=""),"여 스케일도 필요",IF(AND($K54<>"",ISNA(MATCH($K54,$D$3:$D$170,0))),"선행스킬1 없음",IF(AND($L54<>"",ISNA(MATCH($L54,$D$3:$D$170,0))),"선행스킬2 없음",IF(AND($N54<>"",ISNA(MATCH($N54,$D$3:$D$170,0))),"타계열선행 없음","OK"))))))))) -> OK | T54: 5DNH-B | U54: 5도 홀드 하향 스케일 | V54: 흉성~높은두성
A55: 고음 | B55: 2 | C55: 2 | D55: H2-2 | E55: 오픈 허밍 1번 | F55: 5H-B | H55: =IF($F55="","",IF($G55="",IFERROR(INDEX(참조_스케일목록!$B:$B,MATCH($F55,참조_스케일목록!$A:$A,0))&" ("&INDEX(참조_스케일목록!$C:$C,MATCH($F55,참조_스케일목록!$A:$A,0))&")","※없는 ID"),"여 "&IFERROR(INDEX(참조_스케일목록!$B:$B,MATCH($F55,참조_스케일목록!$A:$A,0))&" ("&INDEX(참조_스케일목록!$C:$C,MATCH($F55,참조_스케일목록!$A:$A,0))&")","※없는 ID")&" / 남 "&IFERROR(INDEX(참조_스케일목록!$B:$B,MATCH($G55,참조_스케일목록!$A:$A,0))&" ("&INDEX(참조_스케일목록!$C:$C,MATCH($G55,참조_스케일목록!$A:$A,0))&")","※없는 ID"))) -> 5도 쉬고 내려오기 (중성~낮은두성) | I55: 1 | J55: 7 | K55: H1-3 | P55: 공개 | R55: =IF($A55="","",IF(AND($C55<>"",OR($C55<1,$C55>5,MOD($C55*2,1)<>0)),"자리는 1~5 (0.5단위)",IF(COUNTIFS($A$3:$A$170,$A55,$B$3:$B$170,$B55,$C$3:$C$170,$C55)>1,"같은 자리 중복",IF($D55="","스킬ID 비었음",IF(COUNTIF($D$3:$D$170,$D55)>1,"스킬ID 중복",IF(AND($G55<>"",$F55=""),"여 스케일도 필요",IF(AND($K55<>"",ISNA(MATCH($K55,$D$3:$D$170,0))),"선행스킬1 없음",IF(AND($L55<>"",ISNA(MATCH($L55,$D$3:$D$170,0))),"선행스킬2 없음",IF(AND($N55<>"",ISNA(MATCH($N55,$D$3:$D$170,0))),"타계열선행 없음","OK"))))))))) -> OK | T55: 5DNH-F | U55: 5도 홀드 하향 스케일 | V55: 중성~낮은중성
A56: 고음 | B56: 2 | C56: 3 | D56: H2-3 | E56: 허밍 2번 | F56: 5H-C | G56: 5H-D | H56: =IF($F56="","",IF($G56="",IFERROR(INDEX(참조_스케일목록!$B:$B,MATCH($F56,참조_스케일목록!$A:$A,0))&" ("&INDEX(참조_스케일목록!$C:$C,MATCH($F56,참조_스케일목록!$A:$A,0))&")","※없는 ID"),"여 "&IFERROR(INDEX(참조_스케일목록!$B:$B,MATCH($F56,참조_스케일목록!$A:$A,0))&" ("&INDEX(참조_스케일목록!$C:$C,MATCH($F56,참조_스케일목록!$A:$A,0))&")","※없는 ID")&" / 남 "&IFERROR(INDEX(참조_스케일목록!$B:$B,MATCH($G56,참조_스케일목록!$A:$A,0))&" ("&INDEX(참조_스케일목록!$C:$C,MATCH($G56,참조_스케일목록!$A:$A,0))&")","※없는 ID"))) -> 여 5도 쉬고 내려오기 (중성~높은두성) / 남 5도 쉬고 내려오기 (중성~휘슬) | I56: 1 | J56: 7 | P56: 공개 | R56: =IF($A56="","",IF(AND($C56<>"",OR($C56<1,$C56>5,MOD($C56*2,1)<>0)),"자리는 1~5 (0.5단위)",IF(COUNTIFS($A$3:$A$170,$A56,$B$3:$B$170,$B56,$C$3:$C$170,$C56)>1,"같은 자리 중복",IF($D56="","스킬ID 비었음",IF(COUNTIF($D$3:$D$170,$D56)>1,"스킬ID 중복",IF(AND($G56<>"",$F56=""),"여 스케일도 필요",IF(AND($K56<>"",ISNA(MATCH($K56,$D$3:$D$170,0))),"선행스킬1 없음",IF(AND($L56<>"",ISNA(MATCH($L56,$D$3:$D$170,0))),"선행스킬2 없음",IF(AND($N56<>"",ISNA(MATCH($N56,$D$3:$D$170,0))),"타계열선행 없음","OK"))))))))) -> OK | T56: 5DNH-G | U56: 5도 홀드 하향 스케일 | V56: 중성~높은중성 | X56: 36 | Y56: 강한 하아
A57: 고음 | B57: 2 | C57: 4 | D57: H2-4 | E57: 후~ 내려오기 | F57: 5DN-D | G57: 5DN-E | H57: =IF($F57="","",IF($G57="",IFERROR(INDEX(참조_스케일목록!$B:$B,MATCH($F57,참조_스케일목록!$A:$A,0))&" ("&INDEX(참조_스케일목록!$C:$C,MATCH($F57,참조_스케일목록!$A:$A,0))&")","※없는 ID"),"여 "&IFERROR(INDEX(참조_스케일목록!$B:$B,MATCH($F57,참조_스케일목록!$A:$A,0))&" ("&INDEX(참조_스케일목록!$C:$C,MATCH($F57,참조_스케일목록!$A:$A,0))&")","※없는 ID")&" / 남 "&IFERROR(INDEX(참조_스케일목록!$B:$B,MATCH($G57,참조_스케일목록!$A:$A,0))&" ("&INDEX(참조_스케일목록!$C:$C,MATCH($G57,참조_스케일목록!$A:$A,0))&")","※없는 ID"))) -> 여 5도 하향 스케일 (중성~높은두성) / 남 5도 하향 스케일 (중성~휘슬) | I57: 1 | J57: 7 | K57: H1-3 | P57: 공개 | R57: =IF($A57="","",IF(AND($C57<>"",OR($C57<1,$C57>5,MOD($C57*2,1)<>0)),"자리는 1~5 (0.5단위)",IF(COUNTIFS($A$3:$A$170,$A57,$B$3:$B$170,$B57,$C$3:$C$170,$C57)>1,"같은 자리 중복",IF($D57="","스킬ID 비었음",IF(COUNTIF($D$3:$D$170,$D57)>1,"스킬ID 중복",IF(AND($G57<>"",$F57=""),"여 스케일도 필요",IF(AND($K57<>"",ISNA(MATCH($K57,$D$3:$D$170,0))),"선행스킬1 없음",IF(AND($L57<>"",ISNA(MATCH($L57,$D$3:$D$170,0))),"선행스킬2 없음",IF(AND($N57<>"",ISNA(MATCH($N57,$D$3:$D$170,0))),"타계열선행 없음","OK"))))))))) -> OK | T57: 5DNH-C | U57: 5도 홀드 하향 스케일 | V57: 중성~낮은두성
A58: 고음 | B58: 2 | C58: 5 | D58: H2-5 | E58: Back Pressure 1번 | F58: 5D-H | G58: 5D-I | H58: =IF($F58="","",IF($G58="",IFERROR(INDEX(참조_스케일목록!$B:$B,MATCH($F58,참조_스케일목록!$A:$A,0))&" ("&INDEX(참조_스케일목록!$C:$C,MATCH($F58,참조_스케일목록!$A:$A,0))&")","※없는 ID"),"여 "&IFERROR(INDEX(참조_스케일목록!$B:$B,MATCH($F58,참조_스케일목록!$A:$A,0))&" ("&INDEX(참조_스케일목록!$C:$C,MATCH($F58,참조_스케일목록!$A:$A,0))&")","※없는 ID")&" / 남 "&IFERROR(INDEX(참조_스케일목록!$B:$B,MATCH($G58,참조_스케일목록!$A:$A,0))&" ("&INDEX(참조_스케일목록!$C:$C,MATCH($G58,참조_스케일목록!$A:$A,0))&")","※없는 ID"))) -> 여 5도 스케일 (중성~높은두성) / 남 5도 스케일 (중성~휘슬) | I58: 1 | J58: 7 | K58: H1-3 | P58: 공개 | R58: =IF($A58="","",IF(AND($C58<>"",OR($C58<1,$C58>5,MOD($C58*2,1)<>0)),"자리는 1~5 (0.5단위)",IF(COUNTIFS($A$3:$A$170,$A58,$B$3:$B$170,$B58,$C$3:$C$170,$C58)>1,"같은 자리 중복",IF($D58="","스킬ID 비었음",IF(COUNTIF($D$3:$D$170,$D58)>1,"스킬ID 중복",IF(AND($G58<>"",$F58=""),"여 스케일도 필요",IF(AND($K58<>"",ISNA(MATCH($K58,$D$3:$D$170,0))),"선행스킬1 없음",IF(AND($L58<>"",ISNA(MATCH($L58,$D$3:$D$170,0))),"선행스킬2 없음",IF(AND($N58<>"",ISNA(MATCH($N58,$D$3:$D$170,0))),"타계열선행 없음","OK"))))))))) -> OK | T58: 5DNH-D | U58: 5도 홀드 하향 스케일 | V58: 중성~높은두성
A59: 고음 | B59: 3 | C59: 1 | D59: H3-1 | E59: 립트릴 2번 | F59: 9H-B | G59: 9H-C | H59: =IF($F59="","",IF($G59="",IFERROR(INDEX(참조_스케일목록!$B:$B,MATCH($F59,참조_스케일목록!$A:$A,0))&" ("&INDEX(참조_스케일목록!$C:$C,MATCH($F59,참조_스케일목록!$A:$A,0))&")","※없는 ID"),"여 "&IFERROR(INDEX(참조_스케일목록!$B:$B,MATCH($F59,참조_스케일목록!$A:$A,0))&" ("&INDEX(참조_스케일목록!$C:$C,MATCH($F59,참조_스케일목록!$A:$A,0))&")","※없는 ID")&" / 남 "&IFERROR(INDEX(참조_스케일목록!$B:$B,MATCH($G59,참조_스케일목록!$A:$A,0))&" ("&INDEX(참조_스케일목록!$C:$C,MATCH($G59,참조_스케일목록!$A:$A,0))&")","※없는 ID"))) -> 여 9도 쉬고 내려오기 (흉성~높은두성) / 남 9도 쉬고 내려오기 (흉성~휘슬) | I59: 1 | J59: 7 | P59: 준비중 | R59: =IF($A59="","",IF(AND($C59<>"",OR($C59<1,$C59>5,MOD($C59*2,1)<>0)),"자리는 1~5 (0.5단위)",IF(COUNTIFS($A$3:$A$170,$A59,$B$3:$B$170,$B59,$C$3:$C$170,$C59)>1,"같은 자리 중복",IF($D59="","스킬ID 비었음",IF(COUNTIF($D$3:$D$170,$D59)>1,"스킬ID 중복",IF(AND($G59<>"",$F59=""),"여 스케일도 필요",IF(AND($K59<>"",ISNA(MATCH($K59,$D$3:$D$170,0))),"선행스킬1 없음",IF(AND($L59<>"",ISNA(MATCH($L59,$D$3:$D$170,0))),"선행스킬2 없음",IF(AND($N59<>"",ISNA(MATCH($N59,$D$3:$D$170,0))),"타계열선행 없음","OK"))))))))) -> OK | T59: 5DNH-E | U59: 5도 홀드 하향 스케일 | V59: 중성~휘슬
A60: 고음 | B60: 3 | C60: 2 | D60: H3-2 | E60: 오픈 허밍 1번 | F60: 5H-C | H60: =IF($F60="","",IF($G60="",IFERROR(INDEX(참조_스케일목록!$B:$B,MATCH($F60,참조_스케일목록!$A:$A,0))&" ("&INDEX(참조_스케일목록!$C:$C,MATCH($F60,참조_스케일목록!$A:$A,0))&")","※없는 ID"),"여 "&IFERROR(INDEX(참조_스케일목록!$B:$B,MATCH($F60,참조_스케일목록!$A:$A,0))&" ("&INDEX(참조_스케일목록!$C:$C,MATCH($F60,참조_스케일목록!$A:$A,0))&")","※없는 ID")&" / 남 "&IFERROR(INDEX(참조_스케일목록!$B:$B,MATCH($G60,참조_스케일목록!$A:$A,0))&" ("&INDEX(참조_스케일목록!$C:$C,MATCH($G60,참조_스케일목록!$A:$A,0))&")","※없는 ID"))) -> 5도 쉬고 내려오기 (중성~높은두성) | I60: 1 | J60: 7 | P60: 준비중 | R60: =IF($A60="","",IF(AND($C60<>"",OR($C60<1,$C60>5,MOD($C60*2,1)<>0)),"자리는 1~5 (0.5단위)",IF(COUNTIFS($A$3:$A$170,$A60,$B$3:$B$170,$B60,$C$3:$C$170,$C60)>1,"같은 자리 중복",IF($D60="","스킬ID 비었음",IF(COUNTIF($D$3:$D$170,$D60)>1,"스킬ID 중복",IF(AND($G60<>"",$F60=""),"여 스케일도 필요",IF(AND($K60<>"",ISNA(MATCH($K60,$D$3:$D$170,0))),"선행스킬1 없음",IF(AND($L60<>"",ISNA(MATCH($L60,$D$3:$D$170,0))),"선행스킬2 없음",IF(AND($N60<>"",ISNA(MATCH($N60,$D$3:$D$170,0))),"타계열선행 없음","OK"))))))))) -> OK | T60: 9DN-A | U60: 9도 하향 스케일 | V60: 중성~낮은두성
A61: 고음 | B61: 3 | C61: 3 | D61: H3-3 | E61: 허밍 3번 | F61: 5H-C | G61: 5H-D | H61: =IF($F61="","",IF($G61="",IFERROR(INDEX(참조_스케일목록!$B:$B,MATCH($F61,참조_스케일목록!$A:$A,0))&" ("&INDEX(참조_스케일목록!$C:$C,MATCH($F61,참조_스케일목록!$A:$A,0))&")","※없는 ID"),"여 "&IFERROR(INDEX(참조_스케일목록!$B:$B,MATCH($F61,참조_스케일목록!$A:$A,0))&" ("&INDEX(참조_스케일목록!$C:$C,MATCH($F61,참조_스케일목록!$A:$A,0))&")","※없는 ID")&" / 남 "&IFERROR(INDEX(참조_스케일목록!$B:$B,MATCH($G61,참조_스케일목록!$A:$A,0))&" ("&INDEX(참조_스케일목록!$C:$C,MATCH($G61,참조_스케일목록!$A:$A,0))&")","※없는 ID"))) -> 여 5도 쉬고 내려오기 (중성~높은두성) / 남 5도 쉬고 내려오기 (중성~휘슬) | I61: 1 | J61: 7 | P61: 준비중 | R61: =IF($A61="","",IF(AND($C61<>"",OR($C61<1,$C61>5,MOD($C61*2,1)<>0)),"자리는 1~5 (0.5단위)",IF(COUNTIFS($A$3:$A$170,$A61,$B$3:$B$170,$B61,$C$3:$C$170,$C61)>1,"같은 자리 중복",IF($D61="","스킬ID 비었음",IF(COUNTIF($D$3:$D$170,$D61)>1,"스킬ID 중복",IF(AND($G61<>"",$F61=""),"여 스케일도 필요",IF(AND($K61<>"",ISNA(MATCH($K61,$D$3:$D$170,0))),"선행스킬1 없음",IF(AND($L61<>"",ISNA(MATCH($L61,$D$3:$D$170,0))),"선행스킬2 없음",IF(AND($N61<>"",ISNA(MATCH($N61,$D$3:$D$170,0))),"타계열선행 없음","OK"))))))))) -> OK | T61: 9DN-B | U61: 9도 하향 스케일 | V61: 중성~높은두성 | X61: 37 | Y61: 성구전환 훈련
A62: 고음 | B62: 3 | C62: 4 | D62: H3-4 | E62: 오 두성 | F62: 5D-H | G62: 5D-I | H62: =IF($F62="","",IF($G62="",IFERROR(INDEX(참조_스케일목록!$B:$B,MATCH($F62,참조_스케일목록!$A:$A,0))&" ("&INDEX(참조_스케일목록!$C:$C,MATCH($F62,참조_스케일목록!$A:$A,0))&")","※없는 ID"),"여 "&IFERROR(INDEX(참조_스케일목록!$B:$B,MATCH($F62,참조_스케일목록!$A:$A,0))&" ("&INDEX(참조_스케일목록!$C:$C,MATCH($F62,참조_스케일목록!$A:$A,0))&")","※없는 ID")&" / 남 "&IFERROR(INDEX(참조_스케일목록!$B:$B,MATCH($G62,참조_스케일목록!$A:$A,0))&" ("&INDEX(참조_스케일목록!$C:$C,MATCH($G62,참조_스케일목록!$A:$A,0))&")","※없는 ID"))) -> 여 5도 스케일 (중성~높은두성) / 남 5도 스케일 (중성~휘슬) | I62: 1 | J62: 7 | P62: 준비중 | R62: =IF($A62="","",IF(AND($C62<>"",OR($C62<1,$C62>5,MOD($C62*2,1)<>0)),"자리는 1~5 (0.5단위)",IF(COUNTIFS($A$3:$A$170,$A62,$B$3:$B$170,$B62,$C$3:$C$170,$C62)>1,"같은 자리 중복",IF($D62="","스킬ID 비었음",IF(COUNTIF($D$3:$D$170,$D62)>1,"스킬ID 중복",IF(AND($G62<>"",$F62=""),"여 스케일도 필요",IF(AND($K62<>"",ISNA(MATCH($K62,$D$3:$D$170,0))),"선행스킬1 없음",IF(AND($L62<>"",ISNA(MATCH($L62,$D$3:$D$170,0))),"선행스킬2 없음",IF(AND($N62<>"",ISNA(MATCH($N62,$D$3:$D$170,0))),"타계열선행 없음","OK"))))))))) -> OK | T62: 9DN-C | U62: 9도 하향 스케일 | V62: 중성~휘슬
A63: 고음 | B63: 3 | C63: 5 | D63: H3-5 | E63: Back Pressure 2번 | F63: 5D-H | G63: 5D-I | H63: =IF($F63="","",IF($G63="",IFERROR(INDEX(참조_스케일목록!$B:$B,MATCH($F63,참조_스케일목록!$A:$A,0))&" ("&INDEX(참조_스케일목록!$C:$C,MATCH($F63,참조_스케일목록!$A:$A,0))&")","※없는 ID"),"여 "&IFERROR(INDEX(참조_스케일목록!$B:$B,MATCH($F63,참조_스케일목록!$A:$A,0))&" ("&INDEX(참조_스케일목록!$C:$C,MATCH($F63,참조_스케일목록!$A:$A,0))&")","※없는 ID")&" / 남 "&IFERROR(INDEX(참조_스케일목록!$B:$B,MATCH($G63,참조_스케일목록!$A:$A,0))&" ("&INDEX(참조_스케일목록!$C:$C,MATCH($G63,참조_스케일목록!$A:$A,0))&")","※없는 ID"))) -> 여 5도 스케일 (중성~높은두성) / 남 5도 스케일 (중성~휘슬) | I63: 1 | J63: 7 | P63: 준비중 | R63: =IF($A63="","",IF(AND($C63<>"",OR($C63<1,$C63>5,MOD($C63*2,1)<>0)),"자리는 1~5 (0.5단위)",IF(COUNTIFS($A$3:$A$170,$A63,$B$3:$B$170,$B63,$C$3:$C$170,$C63)>1,"같은 자리 중복",IF($D63="","스킬ID 비었음",IF(COUNTIF($D$3:$D$170,$D63)>1,"스킬ID 중복",IF(AND($G63<>"",$F63=""),"여 스케일도 필요",IF(AND($K63<>"",ISNA(MATCH($K63,$D$3:$D$170,0))),"선행스킬1 없음",IF(AND($L63<>"",ISNA(MATCH($L63,$D$3:$D$170,0))),"선행스킬2 없음",IF(AND($N63<>"",ISNA(MATCH($N63,$D$3:$D$170,0))),"타계열선행 없음","OK"))))))))) -> OK | T63: 9DNH-A | U63: 9도 홀드 하향 스케일 | V63: 중성~낮은두성
A64: 고음 | B64: 4 | C64: 1 | D64: H4-1 | E64: 립트릴 3번 | F64: 9H-B | G64: 9H-C | H64: =IF($F64="","",IF($G64="",IFERROR(INDEX(참조_스케일목록!$B:$B,MATCH($F64,참조_스케일목록!$A:$A,0))&" ("&INDEX(참조_스케일목록!$C:$C,MATCH($F64,참조_스케일목록!$A:$A,0))&")","※없는 ID"),"여 "&IFERROR(INDEX(참조_스케일목록!$B:$B,MATCH($F64,참조_스케일목록!$A:$A,0))&" ("&INDEX(참조_스케일목록!$C:$C,MATCH($F64,참조_스케일목록!$A:$A,0))&")","※없는 ID")&" / 남 "&IFERROR(INDEX(참조_스케일목록!$B:$B,MATCH($G64,참조_스케일목록!$A:$A,0))&" ("&INDEX(참조_스케일목록!$C:$C,MATCH($G64,참조_스케일목록!$A:$A,0))&")","※없는 ID"))) -> 여 9도 쉬고 내려오기 (흉성~높은두성) / 남 9도 쉬고 내려오기 (흉성~휘슬) | I64: 1 | J64: 7 | P64: 준비중 | R64: =IF($A64="","",IF(AND($C64<>"",OR($C64<1,$C64>5,MOD($C64*2,1)<>0)),"자리는 1~5 (0.5단위)",IF(COUNTIFS($A$3:$A$170,$A64,$B$3:$B$170,$B64,$C$3:$C$170,$C64)>1,"같은 자리 중복",IF($D64="","스킬ID 비었음",IF(COUNTIF($D$3:$D$170,$D64)>1,"스킬ID 중복",IF(AND($G64<>"",$F64=""),"여 스케일도 필요",IF(AND($K64<>"",ISNA(MATCH($K64,$D$3:$D$170,0))),"선행스킬1 없음",IF(AND($L64<>"",ISNA(MATCH($L64,$D$3:$D$170,0))),"선행스킬2 없음",IF(AND($N64<>"",ISNA(MATCH($N64,$D$3:$D$170,0))),"타계열선행 없음","OK"))))))))) -> OK | T64: 9DNH-B | U64: 9도 홀드 하향 스케일 | V64: 중성~높은두성
A65: 고음 | B65: 4 | C65: 2 | D65: H4-2 | E65: 오픈 허밍 2번 | F65: 5D-H | G65: 5D-I | H65: =IF($F65="","",IF($G65="",IFERROR(INDEX(참조_스케일목록!$B:$B,MATCH($F65,참조_스케일목록!$A:$A,0))&" ("&INDEX(참조_스케일목록!$C:$C,MATCH($F65,참조_스케일목록!$A:$A,0))&")","※없는 ID"),"여 "&IFERROR(INDEX(참조_스케일목록!$B:$B,MATCH($F65,참조_스케일목록!$A:$A,0))&" ("&INDEX(참조_스케일목록!$C:$C,MATCH($F65,참조_스케일목록!$A:$A,0))&")","※없는 ID")&" / 남 "&IFERROR(INDEX(참조_스케일목록!$B:$B,MATCH($G65,참조_스케일목록!$A:$A,0))&" ("&INDEX(참조_스케일목록!$C:$C,MATCH($G65,참조_스케일목록!$A:$A,0))&")","※없는 ID"))) -> 여 5도 스케일 (중성~높은두성) / 남 5도 스케일 (중성~휘슬) | I65: 1 | J65: 7 | P65: 준비중 | R65: =IF($A65="","",IF(AND($C65<>"",OR($C65<1,$C65>5,MOD($C65*2,1)<>0)),"자리는 1~5 (0.5단위)",IF(COUNTIFS($A$3:$A$170,$A65,$B$3:$B$170,$B65,$C$3:$C$170,$C65)>1,"같은 자리 중복",IF($D65="","스킬ID 비었음",IF(COUNTIF($D$3:$D$170,$D65)>1,"스킬ID 중복",IF(AND($G65<>"",$F65=""),"여 스케일도 필요",IF(AND($K65<>"",ISNA(MATCH($K65,$D$3:$D$170,0))),"선행스킬1 없음",IF(AND($L65<>"",ISNA(MATCH($L65,$D$3:$D$170,0))),"선행스킬2 없음",IF(AND($N65<>"",ISNA(MATCH($N65,$D$3:$D$170,0))),"타계열선행 없음","OK"))))))))) -> OK | T65: 9DNH-C | U65: 9도 홀드 하향 스케일 | V65: 중성~휘슬
A66: 고음 | B66: 4 | C66: 3 | D66: H4-3 | E66: 허밍 4번 | F66: 9D-B | G66: 9H-C | H66: =IF($F66="","",IF($G66="",IFERROR(INDEX(참조_스케일목록!$B:$B,MATCH($F66,참조_스케일목록!$A:$A,0))&" ("&INDEX(참조_스케일목록!$C:$C,MATCH($F66,참조_스케일목록!$A:$A,0))&")","※없는 ID"),"여 "&IFERROR(INDEX(참조_스케일목록!$B:$B,MATCH($F66,참조_스케일목록!$A:$A,0))&" ("&INDEX(참조_스케일목록!$C:$C,MATCH($F66,참조_스케일목록!$A:$A,0))&")","※없는 ID")&" / 남 "&IFERROR(INDEX(참조_스케일목록!$B:$B,MATCH($G66,참조_스케일목록!$A:$A,0))&" ("&INDEX(참조_스케일목록!$C:$C,MATCH($G66,참조_스케일목록!$A:$A,0))&")","※없는 ID"))) -> 여 9도 스케일 (흉성~높은두성) / 남 9도 쉬고 내려오기 (흉성~휘슬) | I66: 1 | J66: 7 | P66: 준비중 | R66: =IF($A66="","",IF(AND($C66<>"",OR($C66<1,$C66>5,MOD($C66*2,1)<>0)),"자리는 1~5 (0.5단위)",IF(COUNTIFS($A$3:$A$170,$A66,$B$3:$B$170,$B66,$C$3:$C$170,$C66)>1,"같은 자리 중복",IF($D66="","스킬ID 비었음",IF(COUNTIF($D$3:$D$170,$D66)>1,"스킬ID 중복",IF(AND($G66<>"",$F66=""),"여 스케일도 필요",IF(AND($K66<>"",ISNA(MATCH($K66,$D$3:$D$170,0))),"선행스킬1 없음",IF(AND($L66<>"",ISNA(MATCH($L66,$D$3:$D$170,0))),"선행스킬2 없음",IF(AND($N66<>"",ISNA(MATCH($N66,$D$3:$D$170,0))),"타계열선행 없음","OK"))))))))) -> OK | T66: 9DNHO-A | U66: 9도 홀드 하향 스케일(하향만) | V66: 낮은두성 시작 | X66: 38 | Y66: 아 하아
A67: 고음 | B67: 4 | C67: 4 | D67: H4-4 | E67: 오 성구전환 | F67: 9D-B | G67: 9D-C | H67: =IF($F67="","",IF($G67="",IFERROR(INDEX(참조_스케일목록!$B:$B,MATCH($F67,참조_스케일목록!$A:$A,0))&" ("&INDEX(참조_스케일목록!$C:$C,MATCH($F67,참조_스케일목록!$A:$A,0))&")","※없는 ID"),"여 "&IFERROR(INDEX(참조_스케일목록!$B:$B,MATCH($F67,참조_스케일목록!$A:$A,0))&" ("&INDEX(참조_스케일목록!$C:$C,MATCH($F67,참조_스케일목록!$A:$A,0))&")","※없는 ID")&" / 남 "&IFERROR(INDEX(참조_스케일목록!$B:$B,MATCH($G67,참조_스케일목록!$A:$A,0))&" ("&INDEX(참조_스케일목록!$C:$C,MATCH($G67,참조_스케일목록!$A:$A,0))&")","※없는 ID"))) -> 여 9도 스케일 (흉성~높은두성) / 남 9도 스케일 (흉성~휘슬) | I67: 1 | J67: 7 | P67: 준비중 | R67: =IF($A67="","",IF(AND($C67<>"",OR($C67<1,$C67>5,MOD($C67*2,1)<>0)),"자리는 1~5 (0.5단위)",IF(COUNTIFS($A$3:$A$170,$A67,$B$3:$B$170,$B67,$C$3:$C$170,$C67)>1,"같은 자리 중복",IF($D67="","스킬ID 비었음",IF(COUNTIF($D$3:$D$170,$D67)>1,"스킬ID 중복",IF(AND($G67<>"",$F67=""),"여 스케일도 필요",IF(AND($K67<>"",ISNA(MATCH($K67,$D$3:$D$170,0))),"선행스킬1 없음",IF(AND($L67<>"",ISNA(MATCH($L67,$D$3:$D$170,0))),"선행스킬2 없음",IF(AND($N67<>"",ISNA(MATCH($N67,$D$3:$D$170,0))),"타계열선행 없음","OK"))))))))) -> OK | T67: 9DNHO-B | U67: 9도 홀드 하향 스케일(하향만) | V67: 높은두성 시작
A68: 고음 | B68: 4 | C68: 5 | D68: H4-5 | E68: Back Pressure 3번 | F68: 5D-H | G68: 5D-I | H68: =IF($F68="","",IF($G68="",IFERROR(INDEX(참조_스케일목록!$B:$B,MATCH($F68,참조_스케일목록!$A:$A,0))&" ("&INDEX(참조_스케일목록!$C:$C,MATCH($F68,참조_스케일목록!$A:$A,0))&")","※없는 ID"),"여 "&IFERROR(INDEX(참조_스케일목록!$B:$B,MATCH($F68,참조_스케일목록!$A:$A,0))&" ("&INDEX(참조_스케일목록!$C:$C,MATCH($F68,참조_스케일목록!$A:$A,0))&")","※없는 ID")&" / 남 "&IFERROR(INDEX(참조_스케일목록!$B:$B,MATCH($G68,참조_스케일목록!$A:$A,0))&" ("&INDEX(참조_스케일목록!$C:$C,MATCH($G68,참조_스케일목록!$A:$A,0))&")","※없는 ID"))) -> 여 5도 스케일 (중성~높은두성) / 남 5도 스케일 (중성~휘슬) | I68: 1 | J68: 7 | P68: 준비중 | R68: =IF($A68="","",IF(AND($C68<>"",OR($C68<1,$C68>5,MOD($C68*2,1)<>0)),"자리는 1~5 (0.5단위)",IF(COUNTIFS($A$3:$A$170,$A68,$B$3:$B$170,$B68,$C$3:$C$170,$C68)>1,"같은 자리 중복",IF($D68="","스킬ID 비었음",IF(COUNTIF($D$3:$D$170,$D68)>1,"스킬ID 중복",IF(AND($G68<>"",$F68=""),"여 스케일도 필요",IF(AND($K68<>"",ISNA(MATCH($K68,$D$3:$D$170,0))),"선행스킬1 없음",IF(AND($L68<>"",ISNA(MATCH($L68,$D$3:$D$170,0))),"선행스킬2 없음",IF(AND($N68<>"",ISNA(MATCH($N68,$D$3:$D$170,0))),"타계열선행 없음","OK"))))))))) -> OK | T68: 9DNHO-C | U68: 9도 홀드 하향 스케일(하향만) | V68: 휘슬 시작
A69: 고음 | B69: 5 | C69: 1 | D69: H5-1 | E69: 립트릴 4번 | F69: 9H-B | G69: 9H-C | H69: =IF($F69="","",IF($G69="",IFERROR(INDEX(참조_스케일목록!$B:$B,MATCH($F69,참조_스케일목록!$A:$A,0))&" ("&INDEX(참조_스케일목록!$C:$C,MATCH($F69,참조_스케일목록!$A:$A,0))&")","※없는 ID"),"여 "&IFERROR(INDEX(참조_스케일목록!$B:$B,MATCH($F69,참조_스케일목록!$A:$A,0))&" ("&INDEX(참조_스케일목록!$C:$C,MATCH($F69,참조_스케일목록!$A:$A,0))&")","※없는 ID")&" / 남 "&IFERROR(INDEX(참조_스케일목록!$B:$B,MATCH($G69,참조_스케일목록!$A:$A,0))&" ("&INDEX(참조_스케일목록!$C:$C,MATCH($G69,참조_스케일목록!$A:$A,0))&")","※없는 ID"))) -> 여 9도 쉬고 내려오기 (흉성~높은두성) / 남 9도 쉬고 내려오기 (흉성~휘슬) | I69: 1 | J69: 7 | P69: 준비중 | R69: =IF($A69="","",IF(AND($C69<>"",OR($C69<1,$C69>5,MOD($C69*2,1)<>0)),"자리는 1~5 (0.5단위)",IF(COUNTIFS($A$3:$A$170,$A69,$B$3:$B$170,$B69,$C$3:$C$170,$C69)>1,"같은 자리 중복",IF($D69="","스킬ID 비었음",IF(COUNTIF($D$3:$D$170,$D69)>1,"스킬ID 중복",IF(AND($G69<>"",$F69=""),"여 스케일도 필요",IF(AND($K69<>"",ISNA(MATCH($K69,$D$3:$D$170,0))),"선행스킬1 없음",IF(AND($L69<>"",ISNA(MATCH($L69,$D$3:$D$170,0))),"선행스킬2 없음",IF(AND($N69<>"",ISNA(MATCH($N69,$D$3:$D$170,0))),"타계열선행 없음","OK"))))))))) -> OK | T69: PRH-A | U69: Press 후우 스케일 | V69: 중성~낮은중성
A70: 고음 | B70: 5 | C70: 2 | D70: H5-2 | H70: =IF($F70="","",IF($G70="",IFERROR(INDEX(참조_스케일목록!$B:$B,MATCH($F70,참조_스케일목록!$A:$A,0))&" ("&INDEX(참조_스케일목록!$C:$C,MATCH($F70,참조_스케일목록!$A:$A,0))&")","※없는 ID"),"여 "&IFERROR(INDEX(참조_스케일목록!$B:$B,MATCH($F70,참조_스케일목록!$A:$A,0))&" ("&INDEX(참조_스케일목록!$C:$C,MATCH($F70,참조_스케일목록!$A:$A,0))&")","※없는 ID")&" / 남 "&IFERROR(INDEX(참조_스케일목록!$B:$B,MATCH($G70,참조_스케일목록!$A:$A,0))&" ("&INDEX(참조_스케일목록!$C:$C,MATCH($G70,참조_스케일목록!$A:$A,0))&")","※없는 ID"))) | R70: =IF($A70="","",IF(AND($C70<>"",OR($C70<1,$C70>5,MOD($C70*2,1)<>0)),"자리는 1~5 (0.5단위)",IF(COUNTIFS($A$3:$A$170,$A70,$B$3:$B$170,$B70,$C$3:$C$170,$C70)>1,"같은 자리 중복",IF($D70="","스킬ID 비었음",IF(COUNTIF($D$3:$D$170,$D70)>1,"스킬ID 중복",IF(AND($G70<>"",$F70=""),"여 스케일도 필요",IF(AND($K70<>"",ISNA(MATCH($K70,$D$3:$D$170,0))),"선행스킬1 없음",IF(AND($L70<>"",ISNA(MATCH($L70,$D$3:$D$170,0))),"선행스킬2 없음",IF(AND($N70<>"",ISNA(MATCH($N70,$D$3:$D$170,0))),"타계열선행 없음","OK"))))))))) -> OK | T70: ARP-A | U70: 아르페지오 스케일 | V70: 흉성~낮은중성
A71: 고음 | B71: 5 | C71: 3 | D71: H5-3 | H71: =IF($F71="","",IF($G71="",IFERROR(INDEX(참조_스케일목록!$B:$B,MATCH($F71,참조_스케일목록!$A:$A,0))&" ("&INDEX(참조_스케일목록!$C:$C,MATCH($F71,참조_스케일목록!$A:$A,0))&")","※없는 ID"),"여 "&IFERROR(INDEX(참조_스케일목록!$B:$B,MATCH($F71,참조_스케일목록!$A:$A,0))&" ("&INDEX(참조_스케일목록!$C:$C,MATCH($F71,참조_스케일목록!$A:$A,0))&")","※없는 ID")&" / 남 "&IFERROR(INDEX(참조_스케일목록!$B:$B,MATCH($G71,참조_스케일목록!$A:$A,0))&" ("&INDEX(참조_스케일목록!$C:$C,MATCH($G71,참조_스케일목록!$A:$A,0))&")","※없는 ID"))) | R71: =IF($A71="","",IF(AND($C71<>"",OR($C71<1,$C71>5,MOD($C71*2,1)<>0)),"자리는 1~5 (0.5단위)",IF(COUNTIFS($A$3:$A$170,$A71,$B$3:$B$170,$B71,$C$3:$C$170,$C71)>1,"같은 자리 중복",IF($D71="","스킬ID 비었음",IF(COUNTIF($D$3:$D$170,$D71)>1,"스킬ID 중복",IF(AND($G71<>"",$F71=""),"여 스케일도 필요",IF(AND($K71<>"",ISNA(MATCH($K71,$D$3:$D$170,0))),"선행스킬1 없음",IF(AND($L71<>"",ISNA(MATCH($L71,$D$3:$D$170,0))),"선행스킬2 없음",IF(AND($N71<>"",ISNA(MATCH($N71,$D$3:$D$170,0))),"타계열선행 없음","OK"))))))))) -> OK | T71: ARP-B | U71: 아르페지오 스케일 | V71: 흉성~높은중성
A72: 고음 | B72: 5 | C72: 4 | D72: H5-4 | H72: =IF($F72="","",IF($G72="",IFERROR(INDEX(참조_스케일목록!$B:$B,MATCH($F72,참조_스케일목록!$A:$A,0))&" ("&INDEX(참조_스케일목록!$C:$C,MATCH($F72,참조_스케일목록!$A:$A,0))&")","※없는 ID"),"여 "&IFERROR(INDEX(참조_스케일목록!$B:$B,MATCH($F72,참조_스케일목록!$A:$A,0))&" ("&INDEX(참조_스케일목록!$C:$C,MATCH($F72,참조_스케일목록!$A:$A,0))&")","※없는 ID")&" / 남 "&IFERROR(INDEX(참조_스케일목록!$B:$B,MATCH($G72,참조_스케일목록!$A:$A,0))&" ("&INDEX(참조_스케일목록!$C:$C,MATCH($G72,참조_스케일목록!$A:$A,0))&")","※없는 ID"))) | R72: =IF($A72="","",IF(AND($C72<>"",OR($C72<1,$C72>5,MOD($C72*2,1)<>0)),"자리는 1~5 (0.5단위)",IF(COUNTIFS($A$3:$A$170,$A72,$B$3:$B$170,$B72,$C$3:$C$170,$C72)>1,"같은 자리 중복",IF($D72="","스킬ID 비었음",IF(COUNTIF($D$3:$D$170,$D72)>1,"스킬ID 중복",IF(AND($G72<>"",$F72=""),"여 스케일도 필요",IF(AND($K72<>"",ISNA(MATCH($K72,$D$3:$D$170,0))),"선행스킬1 없음",IF(AND($L72<>"",ISNA(MATCH($L72,$D$3:$D$170,0))),"선행스킬2 없음",IF(AND($N72<>"",ISNA(MATCH($N72,$D$3:$D$170,0))),"타계열선행 없음","OK"))))))))) -> OK | T72: ARP-C | U72: 아르페지오 스케일 | V72: 흉성~낮은두성
A73: 고음 | B73: 5 | C73: 5 | D73: H5-5 | H73: =IF($F73="","",IF($G73="",IFERROR(INDEX(참조_스케일목록!$B:$B,MATCH($F73,참조_스케일목록!$A:$A,0))&" ("&INDEX(참조_스케일목록!$C:$C,MATCH($F73,참조_스케일목록!$A:$A,0))&")","※없는 ID"),"여 "&IFERROR(INDEX(참조_스케일목록!$B:$B,MATCH($F73,참조_스케일목록!$A:$A,0))&" ("&INDEX(참조_스케일목록!$C:$C,MATCH($F73,참조_스케일목록!$A:$A,0))&")","※없는 ID")&" / 남 "&IFERROR(INDEX(참조_스케일목록!$B:$B,MATCH($G73,참조_스케일목록!$A:$A,0))&" ("&INDEX(참조_스케일목록!$C:$C,MATCH($G73,참조_스케일목록!$A:$A,0))&")","※없는 ID"))) | R73: =IF($A73="","",IF(AND($C73<>"",OR($C73<1,$C73>5,MOD($C73*2,1)<>0)),"자리는 1~5 (0.5단위)",IF(COUNTIFS($A$3:$A$170,$A73,$B$3:$B$170,$B73,$C$3:$C$170,$C73)>1,"같은 자리 중복",IF($D73="","스킬ID 비었음",IF(COUNTIF($D$3:$D$170,$D73)>1,"스킬ID 중복",IF(AND($G73<>"",$F73=""),"여 스케일도 필요",IF(AND($K73<>"",ISNA(MATCH($K73,$D$3:$D$170,0))),"선행스킬1 없음",IF(AND($L73<>"",ISNA(MATCH($L73,$D$3:$D$170,0))),"선행스킬2 없음",IF(AND($N73<>"",ISNA(MATCH($N73,$D$3:$D$170,0))),"타계열선행 없음","OK"))))))))) -> OK | T73: ARP-D | U73: 아르페지오 스케일 | V73: 흉성~높은두성
A74: 성대결절 케어 | B74: 1 | C74: 1 | D74: C1-1 | P74: 공개 | R74: =IF($A74="","",IF(AND($C74<>"",OR($C74<1,$C74>5,MOD($C74*2,1)<>0)),"자리는 1~5 (0.5단위)",IF(COUNTIFS($A$3:$A$170,$A74,$B$3:$B$170,$B74,$C$3:$C$170,$C74)>1,"같은 자리 중복",IF($D74="","스킬ID 비었음",IF(COUNTIF($D$3:$D$170,$D74)>1,"스킬ID 중복",IF(AND($G74<>"",$F74=""),"여 스케일도 필요",IF(AND($K74<>"",ISNA(MATCH($K74,$D$3:$D$170,0))),"선행스킬1 없음",IF(AND($L74<>"",ISNA(MATCH($L74,$D$3:$D$170,0))),"선행스킬2 없음",IF(AND($N74<>"",ISNA(MATCH($N74,$D$3:$D$170,0))),"타계열선행 없음","OK"))))))))) -> OK
A75: 성대결절 케어 | B75: 1 | C75: 2 | D75: C1-2 | E75: 허밍 | F75: 5H-G | G75: 5H-H | H75: =IF($F75="","",IF($G75="",IFERROR(INDEX(참조_스케일목록!$B:$B,MATCH($F75,참조_스케일목록!$A:$A,0))&" ("&INDEX(참조_스케일목록!$C:$C,MATCH($F75,참조_스케일목록!$A:$A,0))&")","※없는 ID"),"여 "&IFERROR(INDEX(참조_스케일목록!$B:$B,MATCH($F75,참조_스케일목록!$A:$A,0))&" ("&INDEX(참조_스케일목록!$C:$C,MATCH($F75,참조_스케일목록!$A:$A,0))&")","※없는 ID")&" / 남 "&IFERROR(INDEX(참조_스케일목록!$B:$B,MATCH($G75,참조_스케일목록!$A:$A,0))&" ("&INDEX(참조_스케일목록!$C:$C,MATCH($G75,참조_스케일목록!$A:$A,0))&")","※없는 ID"))) -> 여 5도 쉬고 내려오기 (중성~낮은중성) / 남 5도 쉬고 내려오기 (중성~높은중성) | I75: 1 | J75: 7 | O75: 13 | P75: 공개 | R75: =IF($A75="","",IF(AND($C75<>"",OR($C75<1,$C75>5,MOD($C75*2,1)<>0)),"자리는 1~5 (0.5단위)",IF(COUNTIFS($A$3:$A$170,$A75,$B$3:$B$170,$B75,$C$3:$C$170,$C75)>1,"같은 자리 중복",IF($D75="","스킬ID 비었음",IF(COUNTIF($D$3:$D$170,$D75)>1,"스킬ID 중복",IF(AND($G75<>"",$F75=""),"여 스케일도 필요",IF(AND($K75<>"",ISNA(MATCH($K75,$D$3:$D$170,0))),"선행스킬1 없음",IF(AND($L75<>"",ISNA(MATCH($L75,$D$3:$D$170,0))),"선행스킬2 없음",IF(AND($N75<>"",ISNA(MATCH($N75,$D$3:$D$170,0))),"타계열선행 없음","OK"))))))))) -> OK
A76: 성대결절 케어 | B76: 1 | C76: 3 | D76: C1-3 | E76: 립트릴 | F76: 5D-E | G76: 5D-F | H76: =IF($F76="","",IF($G76="",IFERROR(INDEX(참조_스케일목록!$B:$B,MATCH($F76,참조_스케일목록!$A:$A,0))&" ("&INDEX(참조_스케일목록!$C:$C,MATCH($F76,참조_스케일목록!$A:$A,0))&")","※없는 ID"),"여 "&IFERROR(INDEX(참조_스케일목록!$B:$B,MATCH($F76,참조_스케일목록!$A:$A,0))&" ("&INDEX(참조_스케일목록!$C:$C,MATCH($F76,참조_스케일목록!$A:$A,0))&")","※없는 ID")&" / 남 "&IFERROR(INDEX(참조_스케일목록!$B:$B,MATCH($G76,참조_스케일목록!$A:$A,0))&" ("&INDEX(참조_스케일목록!$C:$C,MATCH($G76,참조_스케일목록!$A:$A,0))&")","※없는 ID"))) -> 여 5도 스케일 (중성~낮은중성) / 남 5도 스케일 (중성~높은중성) | I76: 1 | J76: 7 | P76: 공개 | R76: =IF($A76="","",IF(AND($C76<>"",OR($C76<1,$C76>5,MOD($C76*2,1)<>0)),"자리는 1~5 (0.5단위)",IF(COUNTIFS($A$3:$A$170,$A76,$B$3:$B$170,$B76,$C$3:$C$170,$C76)>1,"같은 자리 중복",IF($D76="","스킬ID 비었음",IF(COUNTIF($D$3:$D$170,$D76)>1,"스킬ID 중복",IF(AND($G76<>"",$F76=""),"여 스케일도 필요",IF(AND($K76<>"",ISNA(MATCH($K76,$D$3:$D$170,0))),"선행스킬1 없음",IF(AND($L76<>"",ISNA(MATCH($L76,$D$3:$D$170,0))),"선행스킬2 없음",IF(AND($N76<>"",ISNA(MATCH($N76,$D$3:$D$170,0))),"타계열선행 없음","OK"))))))))) -> OK
A77: 성대결절 케어 | B77: 1 | C77: 4 | D77: C1-4 | E77: 설압자 문장 읽기 | H77: =IF($F77="","",IF($G77="",IFERROR(INDEX(참조_스케일목록!$B:$B,MATCH($F77,참조_스케일목록!$A:$A,0))&" ("&INDEX(참조_스케일목록!$C:$C,MATCH($F77,참조_스케일목록!$A:$A,0))&")","※없는 ID"),"여 "&IFERROR(INDEX(참조_스케일목록!$B:$B,MATCH($F77,참조_스케일목록!$A:$A,0))&" ("&INDEX(참조_스케일목록!$C:$C,MATCH($F77,참조_스케일목록!$A:$A,0))&")","※없는 ID")&" / 남 "&IFERROR(INDEX(참조_스케일목록!$B:$B,MATCH($G77,참조_스케일목록!$A:$A,0))&" ("&INDEX(참조_스케일목록!$C:$C,MATCH($G77,참조_스케일목록!$A:$A,0))&")","※없는 ID"))) | P77: 공개 | R77: =IF($A77="","",IF(AND($C77<>"",OR($C77<1,$C77>5,MOD($C77*2,1)<>0)),"자리는 1~5 (0.5단위)",IF(COUNTIFS($A$3:$A$170,$A77,$B$3:$B$170,$B77,$C$3:$C$170,$C77)>1,"같은 자리 중복",IF($D77="","스킬ID 비었음",IF(COUNTIF($D$3:$D$170,$D77)>1,"스킬ID 중복",IF(AND($G77<>"",$F77=""),"여 스케일도 필요",IF(AND($K77<>"",ISNA(MATCH($K77,$D$3:$D$170,0))),"선행스킬1 없음",IF(AND($L77<>"",ISNA(MATCH($L77,$D$3:$D$170,0))),"선행스킬2 없음",IF(AND($N77<>"",ISNA(MATCH($N77,$D$3:$D$170,0))),"타계열선행 없음","OK"))))))))) -> OK
A78: 성대결절 케어 | B78: 1 | C78: 5 | D78: C1-5 | H78: =IF($F78="","",IF($G78="",IFERROR(INDEX(참조_스케일목록!$B:$B,MATCH($F78,참조_스케일목록!$A:$A,0))&" ("&INDEX(참조_스케일목록!$C:$C,MATCH($F78,참조_스케일목록!$A:$A,0))&")","※없는 ID"),"여 "&IFERROR(INDEX(참조_스케일목록!$B:$B,MATCH($F78,참조_스케일목록!$A:$A,0))&" ("&INDEX(참조_스케일목록!$C:$C,MATCH($F78,참조_스케일목록!$A:$A,0))&")","※없는 ID")&" / 남 "&IFERROR(INDEX(참조_스케일목록!$B:$B,MATCH($G78,참조_스케일목록!$A:$A,0))&" ("&INDEX(참조_스케일목록!$C:$C,MATCH($G78,참조_스케일목록!$A:$A,0))&")","※없는 ID"))) | P78: 공개 | R78: =IF($A78="","",IF(AND($C78<>"",OR($C78<1,$C78>5,MOD($C78*2,1)<>0)),"자리는 1~5 (0.5단위)",IF(COUNTIFS($A$3:$A$170,$A78,$B$3:$B$170,$B78,$C$3:$C$170,$C78)>1,"같은 자리 중복",IF($D78="","스킬ID 비었음",IF(COUNTIF($D$3:$D$170,$D78)>1,"스킬ID 중복",IF(AND($G78<>"",$F78=""),"여 스케일도 필요",IF(AND($K78<>"",ISNA(MATCH($K78,$D$3:$D$170,0))),"선행스킬1 없음",IF(AND($L78<>"",ISNA(MATCH($L78,$D$3:$D$170,0))),"선행스킬2 없음",IF(AND($N78<>"",ISNA(MATCH($N78,$D$3:$D$170,0))),"타계열선행 없음","OK"))))))))) -> OK
A79: 성대결절 케어 | B79: 2 | C79: 1 | D79: C2-1 | P79: 공개 | R79: =IF($A79="","",IF(AND($C79<>"",OR($C79<1,$C79>5,MOD($C79*2,1)<>0)),"자리는 1~5 (0.5단위)",IF(COUNTIFS($A$3:$A$170,$A79,$B$3:$B$170,$B79,$C$3:$C$170,$C79)>1,"같은 자리 중복",IF($D79="","스킬ID 비었음",IF(COUNTIF($D$3:$D$170,$D79)>1,"스킬ID 중복",IF(AND($G79<>"",$F79=""),"여 스케일도 필요",IF(AND($K79<>"",ISNA(MATCH($K79,$D$3:$D$170,0))),"선행스킬1 없음",IF(AND($L79<>"",ISNA(MATCH($L79,$D$3:$D$170,0))),"선행스킬2 없음",IF(AND($N79<>"",ISNA(MATCH($N79,$D$3:$D$170,0))),"타계열선행 없음","OK"))))))))) -> OK
A80: 성대결절 케어 | B80: 2 | C80: 2 | D80: C2-2 | E80: 오픈 허밍 1번 | F80: 5H-B | H80: =IF($F80="","",IF($G80="",IFERROR(INDEX(참조_스케일목록!$B:$B,MATCH($F80,참조_스케일목록!$A:$A,0))&" ("&INDEX(참조_스케일목록!$C:$C,MATCH($F80,참조_스케일목록!$A:$A,0))&")","※없는 ID"),"여 "&IFERROR(INDEX(참조_스케일목록!$B:$B,MATCH($F80,참조_스케일목록!$A:$A,0))&" ("&INDEX(참조_스케일목록!$C:$C,MATCH($F80,참조_스케일목록!$A:$A,0))&")","※없는 ID")&" / 남 "&IFERROR(INDEX(참조_스케일목록!$B:$B,MATCH($G80,참조_스케일목록!$A:$A,0))&" ("&INDEX(참조_스케일목록!$C:$C,MATCH($G80,참조_스케일목록!$A:$A,0))&")","※없는 ID"))) -> 5도 쉬고 내려오기 (중성~낮은두성) | I80: 1 | J80: 7 | K80: C1-3 | P80: 공개 | R80: =IF($A80="","",IF(AND($C80<>"",OR($C80<1,$C80>5,MOD($C80*2,1)<>0)),"자리는 1~5 (0.5단위)",IF(COUNTIFS($A$3:$A$170,$A80,$B$3:$B$170,$B80,$C$3:$C$170,$C80)>1,"같은 자리 중복",IF($D80="","스킬ID 비었음",IF(COUNTIF($D$3:$D$170,$D80)>1,"스킬ID 중복",IF(AND($G80<>"",$F80=""),"여 스케일도 필요",IF(AND($K80<>"",ISNA(MATCH($K80,$D$3:$D$170,0))),"선행스킬1 없음",IF(AND($L80<>"",ISNA(MATCH($L80,$D$3:$D$170,0))),"선행스킬2 없음",IF(AND($N80<>"",ISNA(MATCH($N80,$D$3:$D$170,0))),"타계열선행 없음","OK"))))))))) -> OK
A81: 성대결절 케어 | B81: 2 | C81: 3 | D81: C2-3 | E81: 립트릴 1번 | F81: 9D-B | G81: 9D-C | H81: =IF($F81="","",IF($G81="",IFERROR(INDEX(참조_스케일목록!$B:$B,MATCH($F81,참조_스케일목록!$A:$A,0))&" ("&INDEX(참조_스케일목록!$C:$C,MATCH($F81,참조_스케일목록!$A:$A,0))&")","※없는 ID"),"여 "&IFERROR(INDEX(참조_스케일목록!$B:$B,MATCH($F81,참조_스케일목록!$A:$A,0))&" ("&INDEX(참조_스케일목록!$C:$C,MATCH($F81,참조_스케일목록!$A:$A,0))&")","※없는 ID")&" / 남 "&IFERROR(INDEX(참조_스케일목록!$B:$B,MATCH($G81,참조_스케일목록!$A:$A,0))&" ("&INDEX(참조_스케일목록!$C:$C,MATCH($G81,참조_스케일목록!$A:$A,0))&")","※없는 ID"))) -> 여 9도 스케일 (흉성~높은두성) / 남 9도 스케일 (흉성~휘슬) | I81: 1 | J81: 7 | K81: C1-1 | P81: 공개 | R81: =IF($A81="","",IF(AND($C81<>"",OR($C81<1,$C81>5,MOD($C81*2,1)<>0)),"자리는 1~5 (0.5단위)",IF(COUNTIFS($A$3:$A$170,$A81,$B$3:$B$170,$B81,$C$3:$C$170,$C81)>1,"같은 자리 중복",IF($D81="","스킬ID 비었음",IF(COUNTIF($D$3:$D$170,$D81)>1,"스킬ID 중복",IF(AND($G81<>"",$F81=""),"여 스케일도 필요",IF(AND($K81<>"",ISNA(MATCH($K81,$D$3:$D$170,0))),"선행스킬1 없음",IF(AND($L81<>"",ISNA(MATCH($L81,$D$3:$D$170,0))),"선행스킬2 없음",IF(AND($N81<>"",ISNA(MATCH($N81,$D$3:$D$170,0))),"타계열선행 없음","OK"))))))))) -> OK
A82: 성대결절 케어 | B82: 2 | C82: 4 | D82: C2-4 | E82: 엎드려 문장 읽기 | H82: =IF($F82="","",IF($G82="",IFERROR(INDEX(참조_스케일목록!$B:$B,MATCH($F82,참조_스케일목록!$A:$A,0))&" ("&INDEX(참조_스케일목록!$C:$C,MATCH($F82,참조_스케일목록!$A:$A,0))&")","※없는 ID"),"여 "&IFERROR(INDEX(참조_스케일목록!$B:$B,MATCH($F82,참조_스케일목록!$A:$A,0))&" ("&INDEX(참조_스케일목록!$C:$C,MATCH($F82,참조_스케일목록!$A:$A,0))&")","※없는 ID")&" / 남 "&IFERROR(INDEX(참조_스케일목록!$B:$B,MATCH($G82,참조_스케일목록!$A:$A,0))&" ("&INDEX(참조_스케일목록!$C:$C,MATCH($G82,참조_스케일목록!$A:$A,0))&")","※없는 ID"))) | I82: 1 | J82: 7 | P82: 공개 | R82: =IF($A82="","",IF(AND($C82<>"",OR($C82<1,$C82>5,MOD($C82*2,1)<>0)),"자리는 1~5 (0.5단위)",IF(COUNTIFS($A$3:$A$170,$A82,$B$3:$B$170,$B82,$C$3:$C$170,$C82)>1,"같은 자리 중복",IF($D82="","스킬ID 비었음",IF(COUNTIF($D$3:$D$170,$D82)>1,"스킬ID 중복",IF(AND($G82<>"",$F82=""),"여 스케일도 필요",IF(AND($K82<>"",ISNA(MATCH($K82,$D$3:$D$170,0))),"선행스킬1 없음",IF(AND($L82<>"",ISNA(MATCH($L82,$D$3:$D$170,0))),"선행스킬2 없음",IF(AND($N82<>"",ISNA(MATCH($N82,$D$3:$D$170,0))),"타계열선행 없음","OK"))))))))) -> OK
A83: 성대결절 케어 | B83: 2 | C83: 5 | D83: C2-5 | P83: 공개 | R83: =IF($A83="","",IF(AND($C83<>"",OR($C83<1,$C83>5,MOD($C83*2,1)<>0)),"자리는 1~5 (0.5단위)",IF(COUNTIFS($A$3:$A$170,$A83,$B$3:$B$170,$B83,$C$3:$C$170,$C83)>1,"같은 자리 중복",IF($D83="","스킬ID 비었음",IF(COUNTIF($D$3:$D$170,$D83)>1,"스킬ID 중복",IF(AND($G83<>"",$F83=""),"여 스케일도 필요",IF(AND($K83<>"",ISNA(MATCH($K83,$D$3:$D$170,0))),"선행스킬1 없음",IF(AND($L83<>"",ISNA(MATCH($L83,$D$3:$D$170,0))),"선행스킬2 없음",IF(AND($N83<>"",ISNA(MATCH($N83,$D$3:$D$170,0))),"타계열선행 없음","OK"))))))))) -> OK
A84: 성대결절 케어 | B84: 3 | C84: 1 | D84: C3-1 | P84: 준비중 | R84: =IF($A84="","",IF(AND($C84<>"",OR($C84<1,$C84>5,MOD($C84*2,1)<>0)),"자리는 1~5 (0.5단위)",IF(COUNTIFS($A$3:$A$170,$A84,$B$3:$B$170,$B84,$C$3:$C$170,$C84)>1,"같은 자리 중복",IF($D84="","스킬ID 비었음",IF(COUNTIF($D$3:$D$170,$D84)>1,"스킬ID 중복",IF(AND($G84<>"",$F84=""),"여 스케일도 필요",IF(AND($K84<>"",ISNA(MATCH($K84,$D$3:$D$170,0))),"선행스킬1 없음",IF(AND($L84<>"",ISNA(MATCH($L84,$D$3:$D$170,0))),"선행스킬2 없음",IF(AND($N84<>"",ISNA(MATCH($N84,$D$3:$D$170,0))),"타계열선행 없음","OK"))))))))) -> OK
A85: 성대결절 케어 | B85: 3 | C85: 2 | D85: C3-2 | E85: 오픈 허밍 2번 | F85: 5D-H | G85: 5D-I | H85: =IF($F85="","",IF($G85="",IFERROR(INDEX(참조_스케일목록!$B:$B,MATCH($F85,참조_스케일목록!$A:$A,0))&" ("&INDEX(참조_스케일목록!$C:$C,MATCH($F85,참조_스케일목록!$A:$A,0))&")","※없는 ID"),"여 "&IFERROR(INDEX(참조_스케일목록!$B:$B,MATCH($F85,참조_스케일목록!$A:$A,0))&" ("&INDEX(참조_스케일목록!$C:$C,MATCH($F85,참조_스케일목록!$A:$A,0))&")","※없는 ID")&" / 남 "&IFERROR(INDEX(참조_스케일목록!$B:$B,MATCH($G85,참조_스케일목록!$A:$A,0))&" ("&INDEX(참조_스케일목록!$C:$C,MATCH($G85,참조_스케일목록!$A:$A,0))&")","※없는 ID"))) -> 여 5도 스케일 (중성~높은두성) / 남 5도 스케일 (중성~휘슬) | I85: 1 | J85: 7 | P85: 준비중 | R85: =IF($A85="","",IF(AND($C85<>"",OR($C85<1,$C85>5,MOD($C85*2,1)<>0)),"자리는 1~5 (0.5단위)",IF(COUNTIFS($A$3:$A$170,$A85,$B$3:$B$170,$B85,$C$3:$C$170,$C85)>1,"같은 자리 중복",IF($D85="","스킬ID 비었음",IF(COUNTIF($D$3:$D$170,$D85)>1,"스킬ID 중복",IF(AND($G85<>"",$F85=""),"여 스케일도 필요",IF(AND($K85<>"",ISNA(MATCH($K85,$D$3:$D$170,0))),"선행스킬1 없음",IF(AND($L85<>"",ISNA(MATCH($L85,$D$3:$D$170,0))),"선행스킬2 없음",IF(AND($N85<>"",ISNA(MATCH($N85,$D$3:$D$170,0))),"타계열선행 없음","OK"))))))))) -> OK
A86: 성대결절 케어 | B86: 3 | C86: 3 | D86: C3-3 | E86: 립트릴 2번 | F86: 9H-B | G86: 9H-C | H86: =IF($F86="","",IF($G86="",IFERROR(INDEX(참조_스케일목록!$B:$B,MATCH($F86,참조_스케일목록!$A:$A,0))&" ("&INDEX(참조_스케일목록!$C:$C,MATCH($F86,참조_스케일목록!$A:$A,0))&")","※없는 ID"),"여 "&IFERROR(INDEX(참조_스케일목록!$B:$B,MATCH($F86,참조_스케일목록!$A:$A,0))&" ("&INDEX(참조_스케일목록!$C:$C,MATCH($F86,참조_스케일목록!$A:$A,0))&")","※없는 ID")&" / 남 "&IFERROR(INDEX(참조_스케일목록!$B:$B,MATCH($G86,참조_스케일목록!$A:$A,0))&" ("&INDEX(참조_스케일목록!$C:$C,MATCH($G86,참조_스케일목록!$A:$A,0))&")","※없는 ID"))) -> 여 9도 쉬고 내려오기 (흉성~높은두성) / 남 9도 쉬고 내려오기 (흉성~휘슬) | I86: 1 | J86: 7 | P86: 준비중 | R86: =IF($A86="","",IF(AND($C86<>"",OR($C86<1,$C86>5,MOD($C86*2,1)<>0)),"자리는 1~5 (0.5단위)",IF(COUNTIFS($A$3:$A$170,$A86,$B$3:$B$170,$B86,$C$3:$C$170,$C86)>1,"같은 자리 중복",IF($D86="","스킬ID 비었음",IF(COUNTIF($D$3:$D$170,$D86)>1,"스킬ID 중복",IF(AND($G86<>"",$F86=""),"여 스케일도 필요",IF(AND($K86<>"",ISNA(MATCH($K86,$D$3:$D$170,0))),"선행스킬1 없음",IF(AND($L86<>"",ISNA(MATCH($L86,$D$3:$D$170,0))),"선행스킬2 없음",IF(AND($N86<>"",ISNA(MATCH($N86,$D$3:$D$170,0))),"타계열선행 없음","OK"))))))))) -> OK
A87: 성대결절 케어 | B87: 3 | C87: 4 | D87: C3-4 | E87: 벽에 붙어 문장 읽기 | H87: =IF($F87="","",IF($G87="",IFERROR(INDEX(참조_스케일목록!$B:$B,MATCH($F87,참조_스케일목록!$A:$A,0))&" ("&INDEX(참조_스케일목록!$C:$C,MATCH($F87,참조_스케일목록!$A:$A,0))&")","※없는 ID"),"여 "&IFERROR(INDEX(참조_스케일목록!$B:$B,MATCH($F87,참조_스케일목록!$A:$A,0))&" ("&INDEX(참조_스케일목록!$C:$C,MATCH($F87,참조_스케일목록!$A:$A,0))&")","※없는 ID")&" / 남 "&IFERROR(INDEX(참조_스케일목록!$B:$B,MATCH($G87,참조_스케일목록!$A:$A,0))&" ("&INDEX(참조_스케일목록!$C:$C,MATCH($G87,참조_스케일목록!$A:$A,0))&")","※없는 ID"))) | I87: 1 | J87: 7 | P87: 준비중 | R87: =IF($A87="","",IF(AND($C87<>"",OR($C87<1,$C87>5,MOD($C87*2,1)<>0)),"자리는 1~5 (0.5단위)",IF(COUNTIFS($A$3:$A$170,$A87,$B$3:$B$170,$B87,$C$3:$C$170,$C87)>1,"같은 자리 중복",IF($D87="","스킬ID 비었음",IF(COUNTIF($D$3:$D$170,$D87)>1,"스킬ID 중복",IF(AND($G87<>"",$F87=""),"여 스케일도 필요",IF(AND($K87<>"",ISNA(MATCH($K87,$D$3:$D$170,0))),"선행스킬1 없음",IF(AND($L87<>"",ISNA(MATCH($L87,$D$3:$D$170,0))),"선행스킬2 없음",IF(AND($N87<>"",ISNA(MATCH($N87,$D$3:$D$170,0))),"타계열선행 없음","OK"))))))))) -> OK
A88: 성대결절 케어 | B88: 3 | C88: 5 | D88: C3-5 | P88: 준비중 | R88: =IF($A88="","",IF(AND($C88<>"",OR($C88<1,$C88>5,MOD($C88*2,1)<>0)),"자리는 1~5 (0.5단위)",IF(COUNTIFS($A$3:$A$170,$A88,$B$3:$B$170,$B88,$C$3:$C$170,$C88)>1,"같은 자리 중복",IF($D88="","스킬ID 비었음",IF(COUNTIF($D$3:$D$170,$D88)>1,"스킬ID 중복",IF(AND($G88<>"",$F88=""),"여 스케일도 필요",IF(AND($K88<>"",ISNA(MATCH($K88,$D$3:$D$170,0))),"선행스킬1 없음",IF(AND($L88<>"",ISNA(MATCH($L88,$D$3:$D$170,0))),"선행스킬2 없음",IF(AND($N88<>"",ISNA(MATCH($N88,$D$3:$D$170,0))),"타계열선행 없음","OK"))))))))) -> OK
A89: 성대결절 케어 | B89: 4 | C89: 1 | D89: C4-1 | H89: =IF($F89="","",IF($G89="",IFERROR(INDEX(참조_스케일목록!$B:$B,MATCH($F89,참조_스케일목록!$A:$A,0))&" ("&INDEX(참조_스케일목록!$C:$C,MATCH($F89,참조_스케일목록!$A:$A,0))&")","※없는 ID"),"여 "&IFERROR(INDEX(참조_스케일목록!$B:$B,MATCH($F89,참조_스케일목록!$A:$A,0))&" ("&INDEX(참조_스케일목록!$C:$C,MATCH($F89,참조_스케일목록!$A:$A,0))&")","※없는 ID")&" / 남 "&IFERROR(INDEX(참조_스케일목록!$B:$B,MATCH($G89,참조_스케일목록!$A:$A,0))&" ("&INDEX(참조_스케일목록!$C:$C,MATCH($G89,참조_스케일목록!$A:$A,0))&")","※없는 ID"))) | P89: 준비중 | R89: =IF($A89="","",IF(AND($C89<>"",OR($C89<1,$C89>5,MOD($C89*2,1)<>0)),"자리는 1~5 (0.5단위)",IF(COUNTIFS($A$3:$A$170,$A89,$B$3:$B$170,$B89,$C$3:$C$170,$C89)>1,"같은 자리 중복",IF($D89="","스킬ID 비었음",IF(COUNTIF($D$3:$D$170,$D89)>1,"스킬ID 중복",IF(AND($G89<>"",$F89=""),"여 스케일도 필요",IF(AND($K89<>"",ISNA(MATCH($K89,$D$3:$D$170,0))),"선행스킬1 없음",IF(AND($L89<>"",ISNA(MATCH($L89,$D$3:$D$170,0))),"선행스킬2 없음",IF(AND($N89<>"",ISNA(MATCH($N89,$D$3:$D$170,0))),"타계열선행 없음","OK"))))))))) -> OK
A90: 성대결절 케어 | B90: 4 | C90: 2 | D90: C4-2 | H90: =IF($F90="","",IF($G90="",IFERROR(INDEX(참조_스케일목록!$B:$B,MATCH($F90,참조_스케일목록!$A:$A,0))&" ("&INDEX(참조_스케일목록!$C:$C,MATCH($F90,참조_스케일목록!$A:$A,0))&")","※없는 ID"),"여 "&IFERROR(INDEX(참조_스케일목록!$B:$B,MATCH($F90,참조_스케일목록!$A:$A,0))&" ("&INDEX(참조_스케일목록!$C:$C,MATCH($F90,참조_스케일목록!$A:$A,0))&")","※없는 ID")&" / 남 "&IFERROR(INDEX(참조_스케일목록!$B:$B,MATCH($G90,참조_스케일목록!$A:$A,0))&" ("&INDEX(참조_스케일목록!$C:$C,MATCH($G90,참조_스케일목록!$A:$A,0))&")","※없는 ID"))) | P90: 준비중 | R90: =IF($A90="","",IF(AND($C90<>"",OR($C90<1,$C90>5,MOD($C90*2,1)<>0)),"자리는 1~5 (0.5단위)",IF(COUNTIFS($A$3:$A$170,$A90,$B$3:$B$170,$B90,$C$3:$C$170,$C90)>1,"같은 자리 중복",IF($D90="","스킬ID 비었음",IF(COUNTIF($D$3:$D$170,$D90)>1,"스킬ID 중복",IF(AND($G90<>"",$F90=""),"여 스케일도 필요",IF(AND($K90<>"",ISNA(MATCH($K90,$D$3:$D$170,0))),"선행스킬1 없음",IF(AND($L90<>"",ISNA(MATCH($L90,$D$3:$D$170,0))),"선행스킬2 없음",IF(AND($N90<>"",ISNA(MATCH($N90,$D$3:$D$170,0))),"타계열선행 없음","OK"))))))))) -> OK
A91: 성대결절 케어 | B91: 4 | C91: 3 | D91: C4-3 | H91: =IF($F91="","",IF($G91="",IFERROR(INDEX(참조_스케일목록!$B:$B,MATCH($F91,참조_스케일목록!$A:$A,0))&" ("&INDEX(참조_스케일목록!$C:$C,MATCH($F91,참조_스케일목록!$A:$A,0))&")","※없는 ID"),"여 "&IFERROR(INDEX(참조_스케일목록!$B:$B,MATCH($F91,참조_스케일목록!$A:$A,0))&" ("&INDEX(참조_스케일목록!$C:$C,MATCH($F91,참조_스케일목록!$A:$A,0))&")","※없는 ID")&" / 남 "&IFERROR(INDEX(참조_스케일목록!$B:$B,MATCH($G91,참조_스케일목록!$A:$A,0))&" ("&INDEX(참조_스케일목록!$C:$C,MATCH($G91,참조_스케일목록!$A:$A,0))&")","※없는 ID"))) | P91: 준비중 | R91: =IF($A91="","",IF(AND($C91<>"",OR($C91<1,$C91>5,MOD($C91*2,1)<>0)),"자리는 1~5 (0.5단위)",IF(COUNTIFS($A$3:$A$170,$A91,$B$3:$B$170,$B91,$C$3:$C$170,$C91)>1,"같은 자리 중복",IF($D91="","스킬ID 비었음",IF(COUNTIF($D$3:$D$170,$D91)>1,"스킬ID 중복",IF(AND($G91<>"",$F91=""),"여 스케일도 필요",IF(AND($K91<>"",ISNA(MATCH($K91,$D$3:$D$170,0))),"선행스킬1 없음",IF(AND($L91<>"",ISNA(MATCH($L91,$D$3:$D$170,0))),"선행스킬2 없음",IF(AND($N91<>"",ISNA(MATCH($N91,$D$3:$D$170,0))),"타계열선행 없음","OK"))))))))) -> OK
A92: 성대결절 케어 | B92: 4 | C92: 4 | D92: C4-4 | E92: 서서 문장 읽기 | H92: =IF($F92="","",IF($G92="",IFERROR(INDEX(참조_스케일목록!$B:$B,MATCH($F92,참조_스케일목록!$A:$A,0))&" ("&INDEX(참조_스케일목록!$C:$C,MATCH($F92,참조_스케일목록!$A:$A,0))&")","※없는 ID"),"여 "&IFERROR(INDEX(참조_스케일목록!$B:$B,MATCH($F92,참조_스케일목록!$A:$A,0))&" ("&INDEX(참조_스케일목록!$C:$C,MATCH($F92,참조_스케일목록!$A:$A,0))&")","※없는 ID")&" / 남 "&IFERROR(INDEX(참조_스케일목록!$B:$B,MATCH($G92,참조_스케일목록!$A:$A,0))&" ("&INDEX(참조_스케일목록!$C:$C,MATCH($G92,참조_스케일목록!$A:$A,0))&")","※없는 ID"))) | I92: 1 | J92: 7 | P92: 준비중 | R92: =IF($A92="","",IF(AND($C92<>"",OR($C92<1,$C92>5,MOD($C92*2,1)<>0)),"자리는 1~5 (0.5단위)",IF(COUNTIFS($A$3:$A$170,$A92,$B$3:$B$170,$B92,$C$3:$C$170,$C92)>1,"같은 자리 중복",IF($D92="","스킬ID 비었음",IF(COUNTIF($D$3:$D$170,$D92)>1,"스킬ID 중복",IF(AND($G92<>"",$F92=""),"여 스케일도 필요",IF(AND($K92<>"",ISNA(MATCH($K92,$D$3:$D$170,0))),"선행스킬1 없음",IF(AND($L92<>"",ISNA(MATCH($L92,$D$3:$D$170,0))),"선행스킬2 없음",IF(AND($N92<>"",ISNA(MATCH($N92,$D$3:$D$170,0))),"타계열선행 없음","OK"))))))))) -> OK
A93: 성대결절 케어 | B93: 4 | C93: 5 | D93: C4-5 | H93: =IF($F93="","",IF($G93="",IFERROR(INDEX(참조_스케일목록!$B:$B,MATCH($F93,참조_스케일목록!$A:$A,0))&" ("&INDEX(참조_스케일목록!$C:$C,MATCH($F93,참조_스케일목록!$A:$A,0))&")","※없는 ID"),"여 "&IFERROR(INDEX(참조_스케일목록!$B:$B,MATCH($F93,참조_스케일목록!$A:$A,0))&" ("&INDEX(참조_스케일목록!$C:$C,MATCH($F93,참조_스케일목록!$A:$A,0))&")","※없는 ID")&" / 남 "&IFERROR(INDEX(참조_스케일목록!$B:$B,MATCH($G93,참조_스케일목록!$A:$A,0))&" ("&INDEX(참조_스케일목록!$C:$C,MATCH($G93,참조_스케일목록!$A:$A,0))&")","※없는 ID"))) | P93: 준비중 | R93: =IF($A93="","",IF(AND($C93<>"",OR($C93<1,$C93>5,MOD($C93*2,1)<>0)),"자리는 1~5 (0.5단위)",IF(COUNTIFS($A$3:$A$170,$A93,$B$3:$B$170,$B93,$C$3:$C$170,$C93)>1,"같은 자리 중복",IF($D93="","스킬ID 비었음",IF(COUNTIF($D$3:$D$170,$D93)>1,"스킬ID 중복",IF(AND($G93<>"",$F93=""),"여 스케일도 필요",IF(AND($K93<>"",ISNA(MATCH($K93,$D$3:$D$170,0))),"선행스킬1 없음",IF(AND($L93<>"",ISNA(MATCH($L93,$D$3:$D$170,0))),"선행스킬2 없음",IF(AND($N93<>"",ISNA(MATCH($N93,$D$3:$D$170,0))),"타계열선행 없음","OK"))))))))) -> OK
A94: 성대결절 케어 | B94: 5 | C94: 1 | D94: C5-1 | H94: =IF($F94="","",IF($G94="",IFERROR(INDEX(참조_스케일목록!$B:$B,MATCH($F94,참조_스케일목록!$A:$A,0))&" ("&INDEX(참조_스케일목록!$C:$C,MATCH($F94,참조_스케일목록!$A:$A,0))&")","※없는 ID"),"여 "&IFERROR(INDEX(참조_스케일목록!$B:$B,MATCH($F94,참조_스케일목록!$A:$A,0))&" ("&INDEX(참조_스케일목록!$C:$C,MATCH($F94,참조_스케일목록!$A:$A,0))&")","※없는 ID")&" / 남 "&IFERROR(INDEX(참조_스케일목록!$B:$B,MATCH($G94,참조_스케일목록!$A:$A,0))&" ("&INDEX(참조_스케일목록!$C:$C,MATCH($G94,참조_스케일목록!$A:$A,0))&")","※없는 ID"))) | P94: 준비중 | R94: =IF($A94="","",IF(AND($C94<>"",OR($C94<1,$C94>5,MOD($C94*2,1)<>0)),"자리는 1~5 (0.5단위)",IF(COUNTIFS($A$3:$A$170,$A94,$B$3:$B$170,$B94,$C$3:$C$170,$C94)>1,"같은 자리 중복",IF($D94="","스킬ID 비었음",IF(COUNTIF($D$3:$D$170,$D94)>1,"스킬ID 중복",IF(AND($G94<>"",$F94=""),"여 스케일도 필요",IF(AND($K94<>"",ISNA(MATCH($K94,$D$3:$D$170,0))),"선행스킬1 없음",IF(AND($L94<>"",ISNA(MATCH($L94,$D$3:$D$170,0))),"선행스킬2 없음",IF(AND($N94<>"",ISNA(MATCH($N94,$D$3:$D$170,0))),"타계열선행 없음","OK"))))))))) -> OK
A95: 성대결절 케어 | B95: 5 | C95: 2 | D95: C5-2 | H95: =IF($F95="","",IF($G95="",IFERROR(INDEX(참조_스케일목록!$B:$B,MATCH($F95,참조_스케일목록!$A:$A,0))&" ("&INDEX(참조_스케일목록!$C:$C,MATCH($F95,참조_스케일목록!$A:$A,0))&")","※없는 ID"),"여 "&IFERROR(INDEX(참조_스케일목록!$B:$B,MATCH($F95,참조_스케일목록!$A:$A,0))&" ("&INDEX(참조_스케일목록!$C:$C,MATCH($F95,참조_스케일목록!$A:$A,0))&")","※없는 ID")&" / 남 "&IFERROR(INDEX(참조_스케일목록!$B:$B,MATCH($G95,참조_스케일목록!$A:$A,0))&" ("&INDEX(참조_스케일목록!$C:$C,MATCH($G95,참조_스케일목록!$A:$A,0))&")","※없는 ID"))) | P95: 준비중 | R95: =IF($A95="","",IF(AND($C95<>"",OR($C95<1,$C95>5,MOD($C95*2,1)<>0)),"자리는 1~5 (0.5단위)",IF(COUNTIFS($A$3:$A$170,$A95,$B$3:$B$170,$B95,$C$3:$C$170,$C95)>1,"같은 자리 중복",IF($D95="","스킬ID 비었음",IF(COUNTIF($D$3:$D$170,$D95)>1,"스킬ID 중복",IF(AND($G95<>"",$F95=""),"여 스케일도 필요",IF(AND($K95<>"",ISNA(MATCH($K95,$D$3:$D$170,0))),"선행스킬1 없음",IF(AND($L95<>"",ISNA(MATCH($L95,$D$3:$D$170,0))),"선행스킬2 없음",IF(AND($N95<>"",ISNA(MATCH($N95,$D$3:$D$170,0))),"타계열선행 없음","OK"))))))))) -> OK
A96: 성대결절 케어 | B96: 5 | C96: 3 | D96: C5-3 | H96: =IF($F96="","",IF($G96="",IFERROR(INDEX(참조_스케일목록!$B:$B,MATCH($F96,참조_스케일목록!$A:$A,0))&" ("&INDEX(참조_스케일목록!$C:$C,MATCH($F96,참조_스케일목록!$A:$A,0))&")","※없는 ID"),"여 "&IFERROR(INDEX(참조_스케일목록!$B:$B,MATCH($F96,참조_스케일목록!$A:$A,0))&" ("&INDEX(참조_스케일목록!$C:$C,MATCH($F96,참조_스케일목록!$A:$A,0))&")","※없는 ID")&" / 남 "&IFERROR(INDEX(참조_스케일목록!$B:$B,MATCH($G96,참조_스케일목록!$A:$A,0))&" ("&INDEX(참조_스케일목록!$C:$C,MATCH($G96,참조_스케일목록!$A:$A,0))&")","※없는 ID"))) | P96: 준비중 | R96: =IF($A96="","",IF(AND($C96<>"",OR($C96<1,$C96>5,MOD($C96*2,1)<>0)),"자리는 1~5 (0.5단위)",IF(COUNTIFS($A$3:$A$170,$A96,$B$3:$B$170,$B96,$C$3:$C$170,$C96)>1,"같은 자리 중복",IF($D96="","스킬ID 비었음",IF(COUNTIF($D$3:$D$170,$D96)>1,"스킬ID 중복",IF(AND($G96<>"",$F96=""),"여 스케일도 필요",IF(AND($K96<>"",ISNA(MATCH($K96,$D$3:$D$170,0))),"선행스킬1 없음",IF(AND($L96<>"",ISNA(MATCH($L96,$D$3:$D$170,0))),"선행스킬2 없음",IF(AND($N96<>"",ISNA(MATCH($N96,$D$3:$D$170,0))),"타계열선행 없음","OK"))))))))) -> OK
A97: 성대결절 케어 | B97: 5 | C97: 4 | D97: C5-4 | H97: =IF($F97="","",IF($G97="",IFERROR(INDEX(참조_스케일목록!$B:$B,MATCH($F97,참조_스케일목록!$A:$A,0))&" ("&INDEX(참조_스케일목록!$C:$C,MATCH($F97,참조_스케일목록!$A:$A,0))&")","※없는 ID"),"여 "&IFERROR(INDEX(참조_스케일목록!$B:$B,MATCH($F97,참조_스케일목록!$A:$A,0))&" ("&INDEX(참조_스케일목록!$C:$C,MATCH($F97,참조_스케일목록!$A:$A,0))&")","※없는 ID")&" / 남 "&IFERROR(INDEX(참조_스케일목록!$B:$B,MATCH($G97,참조_스케일목록!$A:$A,0))&" ("&INDEX(참조_스케일목록!$C:$C,MATCH($G97,참조_스케일목록!$A:$A,0))&")","※없는 ID"))) | P97: 준비중 | R97: =IF($A97="","",IF(AND($C97<>"",OR($C97<1,$C97>5,MOD($C97*2,1)<>0)),"자리는 1~5 (0.5단위)",IF(COUNTIFS($A$3:$A$170,$A97,$B$3:$B$170,$B97,$C$3:$C$170,$C97)>1,"같은 자리 중복",IF($D97="","스킬ID 비었음",IF(COUNTIF($D$3:$D$170,$D97)>1,"스킬ID 중복",IF(AND($G97<>"",$F97=""),"여 스케일도 필요",IF(AND($K97<>"",ISNA(MATCH($K97,$D$3:$D$170,0))),"선행스킬1 없음",IF(AND($L97<>"",ISNA(MATCH($L97,$D$3:$D$170,0))),"선행스킬2 없음",IF(AND($N97<>"",ISNA(MATCH($N97,$D$3:$D$170,0))),"타계열선행 없음","OK"))))))))) -> OK
A98: 성대결절 케어 | B98: 5 | C98: 5 | D98: C5-5 | P98: 준비중 | R98: =IF($A98="","",IF(AND($C98<>"",OR($C98<1,$C98>5,MOD($C98*2,1)<>0)),"자리는 1~5 (0.5단위)",IF(COUNTIFS($A$3:$A$170,$A98,$B$3:$B$170,$B98,$C$3:$C$170,$C98)>1,"같은 자리 중복",IF($D98="","스킬ID 비었음",IF(COUNTIF($D$3:$D$170,$D98)>1,"스킬ID 중복",IF(AND($G98<>"",$F98=""),"여 스케일도 필요",IF(AND($K98<>"",ISNA(MATCH($K98,$D$3:$D$170,0))),"선행스킬1 없음",IF(AND($L98<>"",ISNA(MATCH($L98,$D$3:$D$170,0))),"선행스킬2 없음",IF(AND($N98<>"",ISNA(MATCH($N98,$D$3:$D$170,0))),"타계열선행 없음","OK"))))))))) -> OK
H99: =IF($F99="","",IF($G99="",IFERROR(INDEX(참조_스케일목록!$B:$B,MATCH($F99,참조_스케일목록!$A:$A,0))&" ("&INDEX(참조_스케일목록!$C:$C,MATCH($F99,참조_스케일목록!$A:$A,0))&")","※없는 ID"),"여 "&IFERROR(INDEX(참조_스케일목록!$B:$B,MATCH($F99,참조_스케일목록!$A:$A,0))&" ("&INDEX(참조_스케일목록!$C:$C,MATCH($F99,참조_스케일목록!$A:$A,0))&")","※없는 ID")&" / 남 "&IFERROR(INDEX(참조_스케일목록!$B:$B,MATCH($G99,참조_스케일목록!$A:$A,0))&" ("&INDEX(참조_스케일목록!$C:$C,MATCH($G99,참조_스케일목록!$A:$A,0))&")","※없는 ID"))) | P99: 준비중 | R99: =IF($A99="","",IF(AND($C99<>"",OR($C99<1,$C99>5,MOD($C99*2,1)<>0)),"자리는 1~5 (0.5단위)",IF(COUNTIFS($A$3:$A$170,$A99,$B$3:$B$170,$B99,$C$3:$C$170,$C99)>1,"같은 자리 중복",IF($D99="","스킬ID 비었음",IF(COUNTIF($D$3:$D$170,$D99)>1,"스킬ID 중복",IF(AND($G99<>"",$F99=""),"여 스케일도 필요",IF(AND($K99<>"",ISNA(MATCH($K99,$D$3:$D$170,0))),"선행스킬1 없음",IF(AND($L99<>"",ISNA(MATCH($L99,$D$3:$D$170,0))),"선행스킬2 없음",IF(AND($N99<>"",ISNA(MATCH($N99,$D$3:$D$170,0))),"타계열선행 없음","OK")))))))))
H100: =IF($F100="","",IF($G100="",IFERROR(INDEX(참조_스케일목록!$B:$B,MATCH($F100,참조_스케일목록!$A:$A,0))&" ("&INDEX(참조_스케일목록!$C:$C,MATCH($F100,참조_스케일목록!$A:$A,0))&")","※없는 ID"),"여 "&IFERROR(INDEX(참조_스케일목록!$B:$B,MATCH($F100,참조_스케일목록!$A:$A,0))&" ("&INDEX(참조_스케일목록!$C:$C,MATCH($F100,참조_스케일목록!$A:$A,0))&")","※없는 ID")&" / 남 "&IFERROR(INDEX(참조_스케일목록!$B:$B,MATCH($G100,참조_스케일목록!$A:$A,0))&" ("&INDEX(참조_스케일목록!$C:$C,MATCH($G100,참조_스케일목록!$A:$A,0))&")","※없는 ID"))) | R100: =IF($A100="","",IF(AND($C100<>"",OR($C100<1,$C100>5,MOD($C100*2,1)<>0)),"자리는 1~5 (0.5단위)",IF(COUNTIFS($A$3:$A$170,$A100,$B$3:$B$170,$B100,$C$3:$C$170,$C100)>1,"같은 자리 중복",IF($D100="","스킬ID 비었음",IF(COUNTIF($D$3:$D$170,$D100)>1,"스킬ID 중복",IF(AND($G100<>"",$F100=""),"여 스케일도 필요",IF(AND($K100<>"",ISNA(MATCH($K100,$D$3:$D$170,0))),"선행스킬1 없음",IF(AND($L100<>"",ISNA(MATCH($L100,$D$3:$D$170,0))),"선행스킬2 없음",IF(AND($N100<>"",ISNA(MATCH($N100,$D$3:$D$170,0))),"타계열선행 없음","OK")))))))))
...

Sheet 계열정의
A1: 계열키 | B1: 계열이름 | C1: 색상 | D1: 호흡해금일차 | E1: 한줄소개 | F1: 키워드1 | G1: 키워드2 | H1: 키워드3 | I1: 내부메모
A2: low | B2: 저음 | C2: #2563eb | D2: 7 | E2: 울림의 바닥부터 넓히는 계열 | F2: 소리가 작다는 말을 들었을 때 | G2: 기초부터 탄탄히 하고 싶을 때 | H2: 목소리에 힘을 싣고 싶을 때 | I2: 흉성 계열. 가슴 울림과 낮은 음역 기반을 만드는 판.
A3: mid | B3: 중음 | C3: #0d9488 | D3: 7 | E3: 가장 많이 쓰는 음역, 가장 많이 티 나는 구간 | F3: 말하듯이 노래하고 싶을 때 | G3: 발라드 한 곡 제대로 부르고 싶을 때 | H3: 노래만 하면 목이 뻣뻣해질 때 | I3: 중성 계열. 립트릴·허밍 등 성구전환 준비 단계.
A4: high | B4: 고음 | C4: #7c3aed | D4: 10 | E4: 위로 가는 길을 뚫는 계열 | F4: 노래방 약속이 잡힌 금요일 | G4: 락이 그리울 때 | H4: 늘 후렴에서 막힐 때 | I4: 두성 계열. 호흡을 더 확보한 뒤 열리도록 늦게 해금.
A5: care | B5: 성대결절 케어 | C5: #16a34a | D5: 5 | E5: 지친 성대를 되돌리는 시간 | F5: 어제 좀 무리했다 싶을 때 | G5: 목이 자주 잠기는 편이라면 | H5: 쉬는 것도 훈련이니까 | I5: 성대결절 회복에 도움을 주는 훈련.
A7: ※ 한줄소개=계열 판 상단 표시 / 키워드='이럴 때 좋아요' 칩. 자유롭게 고치세요.

Sheet 참조_훈련목록
A1: 넘버 | B1: 훈련명
A2: 1 | B2: 가슴 소리 만들기
A3: 2 | B3: 발성훈련 셋팅
A4: 3 | B4: 흉복식호흡
A5: 4 | B5: 주먹쥐고 호흡
A6: 5 | B6: 호흡 저항 도구 훈련
A7: 6 | B7: 립트릴
A8: 7 | B8: 립트릴 1번
A9: 8 | B9: 립트릴 2번
A10: 9 | B10: 립트릴 3번
A11: 10 | B11: 립트릴 4번
A12: 11 | B12: S로 호흡 뱉기
A13: 12 | B13: S로 스타카토 호흡뱉기
... A44: 43 | B44: 후~ 내려오기

Sheet 참조_스케일목록
A1: 스케일ID | B1: 스케일명 | C1: 음역
A2: 3D-A | B2: 3도 스케일 | C2: 흉성(여자)
A3: 3D-B | B3: 3도 스케일 | C3: 흉성(남)
A4: 3D-C | B4: 3도 스케일 | C4: 흉성~낮은중성
A5: 3D-D | B5: 3도 스케일 | C5: 흉성~높은중성
A6: 3D-E | B6: 3도 스케일 | C6: 낮은중성
A7: 3D-F | B7: 3도 스케일 | C7: 높은중성
A8: 3D-G | B8: 3도 스케일 | C8: 흉성~낮은두성
A9: 3D-H | B9: 3도 스케일 | C9: 흉성~높은두성
A10: 3D-I | B10: 3도 스케일 | C10: 흉성(여자)
A11: 5D-A | B11: 5도 스케일 | C11: 흉성(여자)
A12: 5D-J | B12: 5도 스케일 | C12: 흉성(남자)
... A73: ARP-D | B73: 아르페지오 스케일 | C73: 흉성~높은두성

Sheet 훈련내용
A1: 훈련 스킬 카드 내용 — 호흡 훈련하기 카드와 같은 방식입니다. 스킬 하나에 카드를 여러 장 쓰려면 아래에 같은 스킬ID로 줄을 추가하세요.
A2: 스킬ID | B2: 스킬명 | C2: 계열 | D2: 카드번호 | E2: 본문 (카드에 표시될 글) | F2: [멘트만] (음성으로만 나갈 말) | G2: 미디어 (영상/사진 링크) | H2: BGM | I2: 메모
A3: L1-3 | B3: 소울음소리 | C3: 저음 | D3: 1
A4: L2-1 | B4: 우~우~우~ | C4: 저음 | D4: 1
A5: L2-2 | B5: 아~아~아~ | C5: 저음 | D5: 1
A6: L2-3 | B6: 립트릴 | C6: 저음 | D6: 1
A7: L2-4 | C7: 저음 | D7: 1 | I7: 훈련명 미정 (자리만 확보)
A8: L2-5 | C8: 저음 | D8: 1 | I8: 훈련명 미정 (자리만 확보)
A9: L3-1 | B9: 강한 우~우~우~ | C9: 저음 | D9: 1
A10: L3-2 | B10: 강한 아~아~아~ | C10: 저음 | D10: 1
A11: L3-3 | B11: 립트릴 | C11: 저음 | D11: 1
A12: L3-4 | C12: 저음 | D12: 1 | I12: 훈련명 미정 (자리만 확보)
A13: L3-5 | C13: 저음 | D13: 1 | I13: 훈련명 미정 (자리만 확보)
A14: L4-1 | B14: 강한 우(앞) | C14: 저음 | D14: 1
A15: L4-2 | B15: 강한 아(앞) | C15: 저음 | D15: 1
A16: L4-3 | C16: 저음 | D16: 1 | I16: 훈련명 미정 (자리만 확보)
A17: L4-4 | C17: 저음 | D17: 1 | I17: 훈련명 미정 (자리만 확보)
A18: L4-5 | C18: 저음 | D18: 1 | I18: 훈련명 미정 (자리만 확보)
A19: L5-1 | B19: 강한 우(뒤) | C19: 저음 | D19: 1
A20: L5-2 | B20: 강한 아(뒤) | C20: 저음 | D20: 1
A21: L5-3 | C21: 저음 | D21: 1 | I21: 훈련명 미정 (자리만 확보)
A22: L5-4 | C22: 저음 | D22: 1 | I22: 훈련명 미정 (자리만 확보)
A23: L5-5 | C23: 저음 | D23: 1 | I23: 훈련명 미정 (자리만 확보)
A24: L6-1 | B24: 우 | C24: 저음 | D24: 1
A25: L6-2 | B25: 아 | C25: 저음 | D25: 1
A26: L6-3 | C26: 저음 | D26: 1 | I26: 훈련명 미정 (자리만 확보)
A27: L6-4 | C27: 저음 | D27: 1 | I27: 훈련명 미정 (자리만 확보)
A28: L6-5 | C28: 저음 | D28: 1 | I28: 훈련명 미정 (자리만 확보)
A29: M1-1 | C29: 중음 | D29: 1 | I29: 훈련명 미정 (자리만 확보)
A30: H1-1 | C30: 중음 | D30: 1 | I30: 훈련명 미정 (자리만 확보)
A31: M1-2 | C31: 중음 | D31: 1 | I31: 훈련명 미정 (자리만 확보)
A32: H1-2 | C32: 중음 | D32: 1 | I32: 훈련명 미정 (자리만 확보)
A33: M1-3 | B33: 립트릴 | C33: 중음 | D33: 1
A34: M1-4 | C34: 중음 | D34: 1 | I34: 훈련명 미정 (자리만 확보)
A35: M1-5 | C35: 중음 | D35: 1 | I35: 훈련명 미정 (자리만 확보)
A36: M2-1 | B36: 허밍 | C36: 중음 | D36: 1
A37: M2-2 | C37: 중음 | D37: 1 | I37: 훈련명 미정 (자리만 확보)
A38: M2-3 | B38: 립트릴 | C38: 중음 | D38: 1
A39: M2-4 | C39: 중음 | D39: 1 | I39: 훈련명 미정 (자리만 확보)
A40: M2-5 | C40: 중음 | D40: 1 | I40: 훈련명 미정 (자리만 확보)
A41: M3-1 | B41: 오픈 허밍 1번 | C41: 중음 | D41: 1
A42: M3-2 | C42: 중음 | D42: 1 | I42: 훈련명 미정 (자리만 확보)
A43: M3-3 | C43: 중음 | D43: 1 | I43: 훈련명 미정 (자리만 확보)
A44: M3-4 | C44: 중음 | D44: 1 | I44: 훈련명 미정 (자리만 확보)
A45: M3-5 | C45: 중음 | D45: 1 | I45: 훈련명 미정 (자리만 확보)
A46: M4-1 | B46: 오픈 허밍 2번 | C46: 중음 | D46: 1
A47: M4-2 | C47: 중음 | D47: 1 | I47: 훈련명 미정 (자리만 확보)
A48: M4-3 | C48: 중음 | D48: 1 | I48: 훈련명 미정 (자리만 확보)
A49: M4-4 | C49: 중음 | D49: 1 | I49: 훈련명 미정 (자리만 확보)
A50: M4-5 | C50: 중음 | D50: 1 | I50: 훈련명 미정 (자리만 확보)
A51: H1-3 | B51: 허밍 1번 | C51: 고음 | D51: 1
A52: H1-4 | C52: 고음 | D52: 1 | I52: 훈련명 미정 (자리만 확보)
A53: H1-5 | C53: 고음 | D53: 1 | I53: 훈련명 미정 (자리만 확보)
A54: H2-1 | B54: 립트릴 1번 | C54: 고음 | D54: 1
A55: H2-2 | B55: 오픈 허밍 1번 | C55: 고음 | D55: 1
A56: H2-3 | B56: 허밍 2번 | C56: 고음 | D56: 1
A57: H2-4 | B57: 후~ 내려오기 | C57: 고음 | D57: 1
A58: H2-5 | B58: Back Pressure 1번 | C58: 고음 | D58: 1
A59: H3-1 | B59: 립트릴 2번 | C59: 고음 | D59: 1
A60: H3-2 | B60: 오픈 허밍 1번 | C60: 고음 | D60: 1
A61: H3-3 | B61: 허밍 3번 | C61: 고음 | D61: 1
A62: H3-4 | B62: 오 두성 | C62: 고음 | D62: 1
A63: H3-5 | B63: Back Pressure 2번 | C63: 고음 | D63: 1
A64: H4-1 | B64: 립트릴 3번 | C64: 고음 | D64: 1
A65: H4-2 | B65: 오픈 허밍 2번 | C65: 고음 | D65: 1
... A69: H5-1 | B69: 립트릴 4번 | C69: 고음 | D69: 1
A70: H5-2 | C70: 고음 | D70: 1 | I70: 훈련명 미정 (자리만 확보)
A71: H5-3 | C71: 고음 | D71: 1 | I71: 훈련명 미정 (자리만 확보)
A72: H5-4 | C72: 고음 | D72: 1 | I72: 훈련명 미정 (자리만 확보)
A73: H5-5 | C73: 고음 | D73: 1 | I73: 훈련명 미정 (자리만 확보)
A74: C1-1 | B74: 허밍 | C74: 성대결절 케어 | D74: 1
A75: C1-2 | C75: 성대결절 케어 | D75: 1 | I75: 훈련명 미정 (자리만 확보)
A76: C1-3 | B76: 립트릴 1번 | C76: 성대결절 케어 | D76: 1
A77: C1-4 | C77: 성대결절 케어 | D77: 1 | I77: 훈련명 미정 (자리만 확보)
A78: C1-5 | C78: 성대결절 케어 | D78: 1 | I78: 훈련명 미정 (자리만 확보)
A79: C2-1 | B79: 오픈 허밍 1번 | C79: 성대결절 케어 | D79: 1
A80: C2-2 | C80: 성대결절 케어 | D80: 1 | I80: 훈련명 미정 (자리만 확보)
A81: C2-3 | B81: 립트릴 2번 | C81: 성대결절 케어 | D81: 1
A82: C2-4 | C82: 성대결절 케어 | D82: 1 | I82: 훈련명 미정 (자리만 확보)
A83: C2-5 | C83: 성대결절 케어 | D83: 1 | I83: 훈련명 미정 (자리만 확보)
A84: C3-1 | C84: 성대결절 케어 | D84: 1 | I84: 훈련명 미정 (자리만 확보)
A85: C3-2 | C85: 성대결절 케어 | D85: 1 | I85: 훈련명 미정 (자리만 확보)
A86: C3-3 | C86: 성대결절 케어 | D86: 1 | I86: 훈련명 미정 (자리만 확보)
A87: C3-4 | C87: 성대결절 케어 | D87: 1 | I87: 훈련명 미정 (자리만 확보)
A88: C3-5 | C88: 성대결절 케어 | D88: 1 | I88: 훈련명 미정 (자리만 확보)
